X,Y,Z
378.823300,5.456700,0.000000
433.184715,48.023357,0.000000
413.923221,31.331141,0.000000
381.454000,19.738694,0.000000
396.474420,64.873407,0.000000
385.965498,67.356957,0.000000
378.173800,25.066165,0.000000
374.036333,1.202167,0.000000
359.643729,-11.430243,0.000000
374.806810,0.764905,0.000000
354.551175,8.999000,0.000000
359.998900,12.464000,0.000000
358.262500,13.626875,0.000000
374.065308,11.165692,0.000000
355.466437,2.079500,0.000000
415.190016,26.350459,0.000000
444.345385,52.850615,0.000000
435.893333,51.319500,0.000000
377.054750,14.835803,0.000000
381.620600,10.127600,0.000000
385.915992,67.210376,0.000000
380.227140,28.876527,0.000000
341.053917,48.551333,0.000000
375.000545,-15.488582,0.000000
387.979625,134.867500,0.000000
535.205533,34.761052,0.000000
536.038236,35.010809,0.000000
381.466500,105.604750,0.000000
383.312000,108.688000,0.000000
387.643714,124.494429,0.000000
438.780833,24.534000,0.000000
376.058167,105.135667,0.000000
362.264500,-1.212167,0.000000
368.529000,88.726483,0.000000
495.758250,18.260750,0.000000
521.506673,36.582063,0.000000
527.235989,28.972967,0.000000
542.830471,40.834835,0.000000
378.419542,138.294833,0.000000
396.113833,114.032000,0.000000
370.164745,-1.945736,0.000000
385.433280,107.959042,0.000000
533.681649,20.916622,0.000000
501.683000,9.988333,0.000000
496.062000,72.310389,0.000000
497.532667,85.130222,0.000000
486.365500,93.584000,0.000000
334.499000,-29.880618,0.000000
497.404000,79.321667,0.000000
481.168900,71.444000,0.000000
466.214100,119.790900,0.000000
472.601286,131.303143,0.000000
372.602312,112.672687,0.000000
485.477167,108.263500,0.000000
449.427586,54.037168,0.000000
345.820650,-40.372037,0.000000
541.506912,26.772113,0.000000
536.803694,48.723290,0.000000
481.356625,114.949250,0.000000
378.342167,-3.394333,0.000000
428.469271,44.846554,0.000000
393.305714,38.572681,0.000000
384.862182,-2.569000,0.000000
509.913636,99.297727,0.000000
485.845278,85.263056,0.000000
529.430654,43.050272,0.000000
359.406765,92.214176,0.000000
380.137039,137.151412,0.000000
389.074333,-7.494333,0.000000
488.149000,104.612000,0.000000
490.768000,112.629000,0.000000
383.385667,116.871833,0.000000
487.400000,112.113667,0.000000
513.177000,127.433375,0.000000
379.104167,138.586333,0.000000
390.465200,132.742000,0.000000
371.402000,132.065333,0.000000
549.076033,32.721751,0.000000
478.781444,91.064778,0.000000
378.094458,138.305750,0.000000
370.523333,4.515333,0.000000
392.649545,116.207273,0.000000
429.047500,45.864333,0.000000
381.085800,130.203200,0.000000
454.709525,38.296188,0.000000
407.332667,103.763333,0.000000
520.256667,213.880083,0.000000
501.832429,179.354571,0.000000
489.904000,241.139667,0.000000
457.501000,195.624667,0.000000
493.198949,173.451128,0.000000
527.721500,171.010875,0.000000
450.290000,186.082667,0.000000
500.848500,182.010875,0.000000
448.535286,176.890286,0.000000
446.554833,149.120000,0.000000
493.703632,234.454105,0.000000
487.953500,249.834167,0.000000
503.307333,120.922833,0.000000
442.007944,158.154222,0.000000
462.947444,161.660000,0.000000
491.231167,175.256833,0.000000
498.286857,247.661857,0.000000
508.305222,229.685000,0.000000
457.117250,176.954375,0.000000
507.173667,167.054500,0.000000
536.757909,190.039636,0.000000
470.114500,152.105875,0.000000
524.634333,213.186667,0.000000
511.022714,203.793429,0.000000
505.388000,153.288857,0.000000
440.462857,149.800143,0.000000
498.853500,230.455000,0.000000
487.041792,173.151125,0.000000
516.152429,221.789571,0.000000
540.804889,182.956889,0.000000
445.678286,145.125714,0.000000
444.430667,172.190333,0.000000
515.426400,193.912600,0.000000
484.356667,149.428000,0.000000
525.769333,184.407667,0.000000
507.338846,139.862692,0.000000
510.728667,126.554385,0.000000
459.608000,176.820333,0.000000
448.158000,142.354333,0.000000
439.829125,178.562500,0.000000
379.696500,215.862167,0.000000
510.441000,214.971714,0.000000
491.547375,123.836562,0.000000
541.934958,-87.980533,0.000000
619.562833,-192.297950,0.000000
515.747020,-95.775696,0.000000
548.612667,-163.527333,0.000000
536.858020,-81.943085,0.000000
614.661179,-185.051076,0.000000
561.857500,-238.216500,0.000000
528.641333,-93.327667,0.000000
532.619038,-75.945654,0.000000
570.202700,-139.577085,0.000000
570.030333,-200.931217,0.000000
532.772833,-168.059950,0.000000
540.431500,-195.368150,0.000000
567.727000,-246.135571,0.000000
543.181833,-164.389867,0.000000
537.269662,-83.415979,0.000000
584.660167,-121.777532,0.000000
612.046091,-186.197681,0.000000
560.249833,-223.190417,0.000000
528.493500,-70.464033,0.000000
556.252300,-153.895150,0.000000
613.105167,-182.432567,0.000000
555.171240,9.410987,0.000000
554.155625,-7.320000,0.000000
582.269333,54.371667,0.000000
566.388455,-2.650091,0.000000
570.465167,45.222833,0.000000
559.844333,45.581542,0.000000
583.346929,64.563143,0.000000
555.638271,9.208687,0.000000
540.170889,11.636444,0.000000
544.983950,21.468700,0.000000
575.183889,5.951444,0.000000
573.231500,66.260667,0.000000
572.912652,55.436768,0.000000
571.285490,55.693135,0.000000
585.267714,54.816571,0.000000
570.886000,42.336071,0.000000
572.779286,69.069000,0.000000
569.769579,19.505368,0.000000
542.942737,-1.279053,0.000000
557.710018,8.696562,0.000000
572.789875,6.963500,0.000000
561.322667,57.144167,0.000000
557.992643,57.181857,0.000000
556.379382,9.068478,0.000000
582.304920,43.785200,0.000000
571.802882,55.847247,0.000000
558.552500,25.508625,0.000000
635.964857,85.156000,0.000000
593.897875,74.343375,0.000000
645.898625,129.667000,0.000000
647.437143,104.645429,0.000000
527.972600,138.702300,0.000000
589.918636,52.105000,0.000000
615.171667,78.145222,0.000000
543.523643,154.103071,0.000000
556.762500,134.588167,0.000000
592.718500,79.023214,0.000000
596.683556,75.489667,0.000000
662.396500,42.177000,0.000000
671.081500,47.960000,0.000000
570.582750,142.379500,0.000000
531.690000,117.760571,0.000000
556.609167,163.451667,0.000000
561.694042,67.736625,0.000000
642.351333,111.211667,0.000000
539.318571,132.801714,0.000000
591.380625,36.988000,0.000000
547.844000,179.581625,0.000000
630.425167,120.619333,0.000000
625.176143,88.003286,0.000000
621.462300,83.595600,0.000000
590.313250,47.467875,0.000000
649.790000,119.097100,0.000000
649.353833,106.861667,0.000000
591.161400,72.685100,0.000000
594.083333,75.977833,0.000000
560.616333,118.964667,0.000000
547.337000,169.095100,0.000000
602.221167,75.431500,0.000000
543.419714,166.100286,0.000000
614.074571,187.216571,0.000000
617.340803,200.822852,0.000000
626.778111,79.701722,0.000000
617.507750,100.541438,0.000000
642.704000,107.564111,0.000000
670.639167,51.184500,0.000000
647.883700,111.098400,0.000000
596.781513,70.271410,0.000000
550.303909,114.401045,0.000000
589.160500,189.100500,0.000000
571.885667,186.398667,0.000000
627.874500,79.397667,0.000000
595.002482,206.455107,0.000000
638.186167,32.065000,0.000000
597.061541,69.582351,0.000000
661.825800,43.828100,0.000000
631.463462,90.574923,0.000000
607.409533,77.780867,0.000000
606.027100,68.805600,0.000000
599.903125,37.240750,0.000000
666.226333,49.373889,0.000000
668.706333,66.743833,0.000000
650.887889,128.102889,0.000000
551.338250,141.521500,0.000000
541.174900,165.306000,0.000000
644.424833,105.553667,0.000000
588.308333,21.243167,0.000000
551.104429,197.228429,0.000000
587.248500,175.615700,0.000000
611.880900,82.599200,0.000000
597.165849,69.549477,0.000000
691.333801,107.011109,0.000000
540.002667,225.581167,0.000000
690.131833,90.748000,0.000000
691.955750,194.987625,0.000000
664.395100,103.223000,0.000000
695.417327,119.670449,0.000000
718.557700,19.226700,0.000000
529.179250,223.252750,0.000000
683.914375,224.550750,0.000000
701.910333,198.185667,0.000000
613.772870,178.195391,0.000000
677.993153,238.968272,0.000000
682.565111,189.382667,0.000000
714.082364,14.820545,0.000000
716.204500,22.410500,0.000000
715.845125,11.394750,0.000000
721.102000,12.701000,0.000000
632.073700,313.632867,0.000000
646.647833,285.393500,0.000000
625.811132,172.303171,0.000000
651.213143,256.490429,0.000000
670.160667,295.128333,0.000000
542.484500,204.392167,0.000000
629.980000,312.906000,0.000000
686.892880,116.631290,0.000000
676.447333,292.809167,0.000000
679.670667,248.766167,0.000000
571.417500,255.228000,0.000000
619.444111,175.706556,0.000000
555.204833,211.242833,0.000000
687.329000,190.955000,0.000000
691.809279,107.623585,0.000000
623.950079,185.787381,0.000000
697.224511,119.345416,0.000000
712.067500,147.089125,0.000000
684.994556,245.150667,0.000000
541.205000,231.716667,0.000000
692.128000,160.818273,0.000000
550.110100,202.164300,0.000000
527.186000,217.104714,0.000000
656.689667,291.690000,0.000000
534.958500,213.611833,0.000000
672.145471,250.509235,0.000000
562.502143,243.067000,0.000000
543.743024,230.388262,0.000000
555.417100,250.743900,0.000000
628.020500,175.152974,0.000000
534.975786,208.882500,0.000000
672.373167,236.759667,0.000000
675.261500,253.797333,0.000000
678.039784,239.353139,0.000000
651.276000,297.437000,0.000000
668.780000,202.966667,0.000000
621.841222,172.123333,0.000000
675.942059,243.155294,0.000000
686.880000,230.759125,0.000000
687.699143,159.565429,0.000000
694.131130,118.767913,0.000000
683.930857,131.174429,0.000000
531.770750,222.537875,0.000000
681.086375,143.396000,0.000000
710.601750,142.141375,0.000000
711.908000,114.463500,0.000000
564.837500,246.409375,0.000000
769.986000,178.875667,0.000000
799.160333,76.127333,0.000000
789.831500,217.081700,0.000000
616.487625,366.998250,0.000000
808.654875,178.232625,0.000000
743.718000,120.265500,0.000000
782.739174,147.802099,0.000000
641.862857,361.148429,0.000000
747.468000,93.838286,0.000000
758.693833,66.398167,0.000000
759.530625,133.335500,0.000000
775.200000,155.494000,0.000000
786.718500,131.567333,0.000000
762.200271,200.979346,0.000000
743.191714,90.542143,0.000000
773.202167,132.199000,0.000000
728.785000,8.246400,0.000000
782.732698,147.802083,0.000000
802.261000,20.148667,0.000000
740.729167,43.748000,0.000000
820.682375,68.740375,0.000000
782.578167,72.114500,0.000000
749.234125,105.186375,0.000000
635.238667,360.058333,0.000000
797.984125,184.742125,0.000000
764.592143,149.810571,0.000000
762.504769,162.300538,0.000000
620.674800,275.019500,0.000000
758.669375,156.506125,0.000000
785.045375,157.834250,0.000000
775.311667,232.216833,0.000000
824.954571,71.769286,0.000000
644.746437,363.571063,0.000000
749.451714,110.287286,0.000000
746.030000,185.806500,0.000000
757.961455,166.168000,0.000000
594.575375,355.687875,0.000000
769.701375,210.240875,0.000000
770.272875,227.025875,0.000000
610.374000,369.565250,0.000000
771.353214,145.655714,0.000000
756.092625,182.203312,0.000000
763.545850,145.006600,0.000000
603.706167,363.158333,0.000000
562.503333,349.968667,0.000000
621.455333,276.847167,0.000000
654.863500,350.415750,0.000000
768.247455,170.391636,0.000000
771.464375,171.050375,0.000000
600.603263,375.317263,0.000000
771.969455,157.146061,0.000000
771.631167,267.860333,0.000000
750.188833,179.019333,0.000000
764.479889,183.247000,0.000000
766.770500,149.994250,0.000000
755.510333,185.707667,0.000000
767.694364,164.987818,0.000000
746.815300,170.482400,0.000000
781.015227,149.554787,0.000000
747.476333,160.435167,0.000000
747.317625,139.942000,0.000000
748.803286,99.442286,0.000000
634.416333,394.089833,0.000000
631.952667,357.563000,0.000000
910.320571,167.808143,0.000000
951.386778,34.870889,0.000000
898.373429,169.148857,0.000000
888.743143,208.760000,0.000000
864.845694,269.781889,0.000000
964.658222,38.623444,0.000000
790.702125,350.122747,0.000000
822.455167,56.157500,0.000000
865.298200,295.795800,0.000000
806.084105,380.751593,0.000000
838.296333,62.650111,0.000000
793.566167,244.549833,0.000000
956.393300,34.850900,0.000000
871.796667,171.331000,0.000000
763.587210,382.670235,0.000000
756.615667,386.658500,0.000000
889.913500,124.013667,0.000000
911.215000,164.411500,0.000000
966.932778,46.713111,0.000000
915.641667,214.972000,0.000000
762.374000,388.557833,0.000000
881.810500,207.945500,0.000000
801.598955,245.143136,0.000000
918.417667,122.717833,0.000000
768.613833,383.911667,0.000000
769.936833,380.069500,0.000000
857.135917,181.091250,0.000000
764.730167,378.357333,0.000000
880.200875,185.171875,0.000000
759.613667,376.587000,0.000000
766.671833,389.631667,0.000000
897.020833,205.472333,0.000000
941.835000,35.931000,0.000000
843.047500,64.007000,0.000000
905.144333,126.912222,0.000000
905.413125,180.161375,0.000000
834.383333,63.913167,0.000000
930.132000,31.103667,0.000000
830.869556,65.293222,0.000000
951.434167,38.017667,0.000000
926.956000,168.795167,0.000000
896.699333,180.800500,0.000000
892.176571,201.074571,0.000000
932.306750,135.057750,0.000000
892.096778,187.133000,0.000000
958.011000,42.246000,0.000000
885.488900,192.075000,0.000000
860.519875,186.703750,0.000000
826.397167,64.890500,0.000000
897.087667,213.116000,0.000000
865.810500,269.769167,0.000000
861.263167,242.407167,0.000000
800.997429,246.242143,0.000000
939.914438,35.217250,0.000000
912.212875,178.961000,0.000000
854.162889,186.141444,0.000000
894.752917,212.037583,0.000000
819.528286,258.021929,0.000000
964.299000,52.126833,0.000000
805.670250,235.799625,0.000000
784.342600,259.566200,0.000000
790.896974,350.144158,0.000000
806.255016,380.918881,0.000000
772.873286,365.765143,0.000000
715.662906,329.390882,0.000000
840.643333,344.048333,0.000000
806.302500,332.747100,0.000000
779.462783,381.339077,0.000000
774.883727,369.978909,0.000000
811.336945,391.954984,0.000000
770.017000,354.842625,0.000000
834.442125,360.501875,0.000000
784.418341,336.912898,0.000000
837.669500,354.571500,0.000000
828.106429,346.300714,0.000000
846.312183,351.080623,0.000000
723.774242,322.547606,0.000000
728.181833,307.062167,0.000000
826.756167,350.925500,0.000000
715.264810,305.073238,0.000000
764.009889,371.039111,0.000000
823.420300,365.737900,0.000000
763.105292,383.176312,0.000000
757.644333,382.262167,0.000000
760.110471,375.508353,0.000000
838.028176,356.525118,0.000000
833.871094,347.786250,0.000000
791.196500,403.463000,0.000000
746.420000,331.100000,0.000000
741.326286,334.644429,0.000000
724.775000,336.783167,0.000000
731.774700,338.766600,0.000000
726.099022,337.297289,0.000000
726.604788,328.954576,0.000000
722.113875,310.644750,0.000000
719.750444,301.337111,0.000000
833.738345,347.771798,0.000000
749.544707,379.244071,0.000000
716.555083,329.329958,0.000000
707.690333,332.756833,0.000000
722.013333,316.733500,0.000000
833.181500,353.611833,0.000000
819.442966,348.021307,0.000000
764.126000,383.398500,0.000000
780.803194,378.872900,0.000000
832.032833,383.219833,0.000000
791.694251,350.058773,0.000000
741.599667,335.370750,0.000000
839.788167,349.747333,0.000000
715.275500,330.112333,0.000000
834.790167,342.083167,0.000000
824.667167,362.490083,0.000000
855.499071,355.030357,0.000000
806.375250,335.016250,0.000000
723.429167,322.649667,0.000000
727.555521,304.519646,0.000000
775.989875,330.155250,0.000000
830.121333,341.014167,0.000000
767.266500,352.865583,0.000000
740.970065,376.705104,0.000000
819.744538,347.990108,0.000000
785.258984,338.958109,0.000000
833.631333,348.849333,0.000000
791.211125,402.953292,0.000000
784.695564,337.537173,0.000000
727.026500,328.699500,0.000000
805.166273,378.838842,0.000000
715.040500,304.610500,0.000000
737.762333,306.010250,0.000000
650.554000,431.988500,0.000000
685.093250,381.831667,0.000000
654.711000,426.365000,0.000000
682.877500,353.057667,0.000000
513.625917,111.693083,0.000000
1012.199571,77.814000,0.000000
1021.070500,103.394167,0.000000
1014.241667,70.134333,0.000000
997.741267,101.321467,0.000000
1011.925143,142.630571,0.000000
806.595444,212.175444,0.000000
998.578000,131.391091,0.000000
988.527111,150.299556,0.000000
1012.400000,149.421571,0.000000
676.771167,384.633500,0.000000
651.225778,419.859111,0.000000
711.163391,300.113478,0.000000
727.379125,342.623625,0.000000
720.530375,364.425125,0.000000
798.151167,26.468000,0.000000
726.183750,320.790500,0.000000
720.756167,354.358667,0.000000
679.209500,431.172000,0.000000
519.003900,107.330400,0.000000
1003.272000,99.798833,0.000000
1016.925429,71.644714,0.000000
1007.916750,73.457125,0.000000
1011.302889,106.240778,0.000000
1021.103000,101.714286,0.000000
1014.840750,137.345625,0.000000
1011.154750,89.154250,0.000000
681.853333,365.098000,0.000000
685.731167,365.073500,0.000000
678.152143,438.360286,0.000000
1004.902091,79.479273,0.000000
762.470500,172.954167,0.000000
1018.990846,91.636538,0.000000
990.940000,143.999250,0.000000
683.159889,423.405556,0.000000
768.864333,25.883167,0.000000
1002.943667,89.528333,0.000000
1018.032231,106.498462,0.000000
729.140500,328.620688,0.000000
821.470625,215.754125,0.000000
553.252833,58.197667,0.000000
735.029333,285.927833,0.000000
537.389000,11.666000,0.000000
541.820800,14.374400,0.000000
809.274000,211.776625,0.000000
649.719778,425.561222,0.000000
512.987833,110.799667,0.000000
723.376100,333.639000,0.000000
1003.570179,99.539026,0.000000
1019.280167,72.226333,0.000000
569.349083,37.354917,0.000000
1003.317125,105.505250,0.000000
719.512000,357.185889,0.000000
690.470833,385.780667,0.000000
817.085500,214.443625,0.000000
690.050875,398.533500,0.000000
1009.301000,94.373000,0.000000
1013.269706,99.520529,0.000000
573.615727,74.307182,0.000000
972.313000,207.687308,0.000000
1007.418000,209.743500,0.000000
973.788667,247.879444,0.000000
961.716727,289.171545,0.000000
972.610167,290.665333,0.000000
1004.940000,305.255167,0.000000
1005.367857,302.540429,0.000000
984.870833,247.587500,0.000000
1007.607875,316.784625,0.000000
990.870400,305.487300,0.000000
997.395000,298.348500,0.000000
981.882875,159.226875,0.000000
956.267625,237.042750,0.000000
1012.038556,186.560667,0.000000
990.368625,297.641875,0.000000
984.442000,156.882250,0.000000
1022.379125,139.338750,0.000000
988.928067,215.672733,0.000000
1018.509500,169.262333,0.000000
994.882000,190.947167,0.000000
993.347231,205.861692,0.000000
1016.731429,144.827857,0.000000
1012.524333,209.087500,0.000000
998.473667,186.668778,0.000000
1006.694875,221.349625,0.000000
973.029875,217.641375,0.000000
1005.733222,200.566333,0.000000
975.594143,208.308286,0.000000
989.355667,171.246000,0.000000
964.439167,249.478000,0.000000
959.357000,237.725714,0.000000
999.100333,243.415333,0.000000
990.335846,185.918462,0.000000
991.164089,170.020400,0.000000
1002.811818,247.283182,0.000000
979.441250,290.360125,0.000000
1016.262778,249.879000,0.000000
1007.076083,233.012667,0.000000
1008.274167,200.474917,0.000000
992.650400,213.376900,0.000000
999.245333,262.962000,0.000000
975.538667,211.912333,0.000000
1003.149167,212.513167,0.000000
994.719125,183.094375,0.000000
969.757750,199.096500,0.000000
979.760333,262.516333,0.000000
1001.087000,265.018000,0.000000
996.694429,165.088143,0.000000
986.843467,235.838467,0.000000
1009.350750,296.921687,0.000000
1010.909250,296.808000,0.000000
1007.971556,302.488667,0.000000
1002.465625,218.615875,0.000000
974.716500,203.980500,0.000000
1008.849125,302.131000,0.000000
996.980667,213.144000,0.000000
1012.872000,299.865536,0.000000
997.744833,166.623667,0.000000
1005.688583,160.802083,0.000000
975.448250,216.457250,0.000000
964.447778,245.886444,0.000000
959.287636,247.421364,0.000000
997.695000,179.063857,0.000000
994.823444,263.204556,0.000000
933.285222,340.325667,0.000000
952.958286,432.132714,0.000000
930.761533,362.398600,0.000000
979.323333,487.550333,0.000000
931.409500,365.497875,0.000000
1004.467143,281.500286,0.000000
901.920750,410.380500,0.000000
950.293143,350.011571,0.000000
935.316571,358.506429,0.000000
934.118667,345.743778,0.000000
1014.658895,332.347947,0.000000
1007.304857,282.368429,0.000000
984.096167,467.650167,0.000000
986.675667,297.259833,0.000000
917.311727,381.463091,0.000000
926.617667,338.628167,0.000000
954.006167,404.459000,0.000000
942.325875,396.435562,0.000000
1004.717833,283.406167,0.000000
969.882500,449.620167,0.000000
956.041190,381.684048,0.000000
932.926538,383.068846,0.000000
934.003429,355.606143,0.000000
993.576300,454.567300,0.000000
928.556429,351.407143,0.000000
1011.125286,338.949714,0.000000
1011.121500,271.582625,0.000000
1010.529250,282.768875,0.000000
995.046167,482.651000,0.000000
942.447000,351.100063,0.000000
944.085000,342.666667,0.000000
957.255750,404.380750,0.000000
931.065500,367.366167,0.000000
906.553273,404.882545,0.000000
997.807273,286.312636,0.000000
987.483667,290.514833,0.000000
956.737800,361.467200,0.000000
978.280000,453.588625,0.000000
1012.954667,483.271667,0.000000
1014.689000,262.827625,0.000000
940.463000,389.805455,0.000000
928.505000,353.186286,0.000000
1014.424429,346.411000,0.000000
1006.421571,334.596429,0.000000
1017.047333,273.635667,0.000000
1006.249778,270.007889,0.000000
996.788400,273.824200,0.000000
931.880167,362.941833,0.000000
923.893167,379.801500,0.000000
930.678733,366.878333,0.000000
923.888333,382.255667,0.000000
928.255875,345.113625,0.000000
956.241923,419.177231,0.000000
980.919400,479.559600,0.000000
1007.666833,262.862667,0.000000
954.795100,435.628100,0.000000
1018.124444,281.347222,0.000000
954.048833,403.510167,0.000000
983.403167,451.388667,0.000000
948.056714,414.248571,0.000000
957.847889,400.470222,0.000000
946.518318,417.507682,0.000000
927.996429,356.176571,0.000000
935.011500,353.834400,0.000000
1006.061667,383.285800,0.000000
938.991545,414.378091,0.000000
942.182167,420.917667,0.000000
1001.360545,369.682364,0.000000
974.159846,387.356077,0.000000
967.275000,366.442333,0.000000
993.343167,367.812667,0.000000
987.649833,366.516333,0.000000
985.722333,371.428250,0.000000
936.380857,406.440286,0.000000
971.809889,427.745111,0.000000
967.179375,362.283250,0.000000
965.289154,403.430769,0.000000
975.537125,368.962000,0.000000
986.157786,398.042929,0.000000
999.046636,409.817636,0.000000
922.618909,398.933000,0.000000
980.215333,412.372944,0.000000
994.940000,378.910143,0.000000
943.561333,406.920167,0.000000
995.672733,368.643667,0.000000
938.802833,422.719667,0.000000
984.753444,389.230778,0.000000
968.954727,364.857909,0.000000
985.202429,386.781714,0.000000
972.879571,375.490571,0.000000
967.397667,359.443500,0.000000
979.370800,372.710000,0.000000
982.561769,424.529846,0.000000
975.687286,420.880143,0.000000
1001.861818,417.158909,0.000000
981.685857,406.907429,0.000000
1006.973286,363.362857,0.000000
1013.307625,363.719750,0.000000
987.387444,362.743444,0.000000
977.964000,361.481500,0.000000
989.260100,419.336900,0.000000
994.489643,421.964000,0.000000
939.715833,402.539333,0.000000
969.994273,421.390182,0.000000
993.447556,416.791222,0.000000
997.586714,413.551714,0.000000
935.537333,421.280000,0.000000
992.916571,364.350286,0.000000
941.024333,406.809167,0.000000
983.427500,367.443333,0.000000
934.289000,401.857333,0.000000
927.357727,414.308818,0.000000
1003.336000,390.682400,0.000000
1004.834917,371.404167,0.000000
1009.540286,364.385000,0.000000
973.629500,420.679500,0.000000
1001.215583,364.198750,0.000000
920.784300,413.541200,0.000000
978.654455,365.354455,0.000000
981.576636,362.931091,0.000000
942.780000,406.886000,0.000000
981.786500,373.080750,0.000000
1008.809500,387.411900,0.000000
987.732889,384.880111,0.000000
984.445778,371.101000,0.000000
968.011889,394.415222,0.000000
996.117667,388.144333,0.000000
999.689429,378.164857,0.000000
938.604250,379.980000,0.000000
935.616556,370.670889,0.000000
1010.357000,371.861750,0.000000
973.082615,433.739692,0.000000
1007.878400,418.282200,0.000000
444.139500,-201.064633,0.000000
983.675833,433.351250,0.000000
931.524375,371.732875,0.000000
421.291167,-132.519930,0.000000
981.579400,194.981000,0.000000
990.096375,262.753750,0.000000
960.339333,296.825000,0.000000
529.474500,-182.145117,0.000000
916.558000,394.925750,0.000000
498.247143,-191.292929,0.000000
382.549375,-74.960175,0.000000
1010.250429,391.272714,0.000000
963.557000,205.439286,0.000000
964.414000,417.876857,0.000000
438.094167,-201.774683,0.000000
976.624727,429.447000,0.000000
992.083250,437.303000,0.000000
896.751500,450.692667,0.000000
951.439667,258.023500,0.000000
978.734500,194.393500,0.000000
962.896250,215.687750,0.000000
965.898429,416.072714,0.000000
992.736636,381.817455,0.000000
1007.536750,400.287875,0.000000
948.844250,295.304833,0.000000
607.198500,-374.371333,0.000000
571.876500,-367.832667,0.000000
621.271500,-359.471333,0.000000
614.820333,-346.699000,0.000000
507.853667,-387.260667,0.000000
619.842000,-367.327000,0.000000
546.705500,-373.084500,0.000000
622.497167,-421.194333,0.000000
589.984333,-352.644833,0.000000
500.939000,-377.161333,0.000000
611.678333,-342.184167,0.000000
609.332667,-176.892100,0.000000
571.392417,-434.264833,0.000000
568.663333,-178.539867,0.000000
573.889667,-426.988167,0.000000
408.689667,-34.672767,0.000000
457.781333,-254.545500,0.000000
501.105333,-174.279600,0.000000
547.229500,-124.106530,0.000000
484.494429,-187.007243,0.000000
510.313333,-232.201650,0.000000
570.266333,-109.723633,0.000000
557.928333,-137.447634,0.000000
510.975000,-177.993367,0.000000
486.427333,-30.433833,0.000000
490.576167,-244.226667,0.000000
450.970833,-228.128300,0.000000
435.082500,-220.372500,0.000000
538.164500,-80.559740,0.000000
492.181250,-179.956750,0.000000
577.164833,-101.634417,0.000000
545.157750,-114.291637,0.000000
510.963500,-134.166558,0.000000
432.193000,-49.235633,0.000000
464.683625,-50.701562,0.000000
493.432400,-119.234293,0.000000
519.764429,-191.350686,0.000000
446.339333,-50.697433,0.000000
485.083833,-247.792333,0.000000
466.309286,-120.628217,0.000000
528.352406,-195.606234,0.000000
583.889833,-105.945333,0.000000
478.927167,-53.436196,0.000000
573.152667,-254.406333,0.000000
436.843667,-38.414967,0.000000
479.061000,-238.584833,0.000000
499.703500,-43.999350,0.000000
510.592333,-87.294450,0.000000
587.853500,-362.477000,0.000000
614.598667,-369.297667,0.000000
498.846000,-210.808000,0.000000
497.924857,-203.832557,0.000000
603.276167,-377.060500,0.000000
456.575833,-179.921683,0.000000
463.287167,-182.950750,0.000000
454.477667,-173.961567,0.000000
434.861667,-133.119634,0.000000
440.032167,-139.025902,0.000000
498.543167,-225.524050,0.000000
471.536000,-209.906543,0.000000
592.295667,-356.125333,0.000000
593.269000,-358.825500,0.000000
603.255000,-352.092667,0.000000
584.498333,-364.739000,0.000000
599.837333,-354.397167,0.000000
596.536667,-356.622333,0.000000
484.914556,-209.662356,0.000000
494.319000,-194.737700,0.000000
508.513182,-206.845309,0.000000
477.244100,-172.466760,0.000000
481.297714,-187.976414,0.000000
497.996429,-117.058083,0.000000
509.296667,-107.788633,0.000000
455.461333,-125.355142,0.000000
496.284167,-164.409017,0.000000
453.728500,-122.740093,0.000000
493.946667,-162.306950,0.000000
485.959857,-161.691600,0.000000
502.129636,-86.239145,0.000000
529.861250,-95.050308,0.000000
603.099824,-156.094053,0.000000
441.224987,-150.617796,0.000000
584.844600,-167.477040,0.000000
587.786333,-191.325525,0.000000
451.680625,-130.835111,0.000000
495.312857,-192.594943,0.000000
432.509667,-114.894517,0.000000
506.492583,-111.851936,0.000000
506.565000,-68.534360,0.000000
793.347071,-176.972686,0.000000
780.626500,-152.081541,0.000000
719.206000,-145.571580,0.000000
772.185500,-255.896167,0.000000
713.794667,-176.697767,0.000000
724.444500,-156.052413,0.000000
717.170333,-143.209265,0.000000
830.377500,-168.741833,0.000000
785.805750,-220.955163,0.000000
779.260000,-180.042560,0.000000
815.799714,-172.760014,0.000000
723.521500,-144.659131,0.000000
726.453364,-185.061227,0.000000
719.159500,-143.308968,0.000000
846.361750,-228.324958,0.000000
781.719125,-174.315050,0.000000
763.252375,-192.996550,0.000000
763.684923,-259.434769,0.000000
770.207923,-224.821308,0.000000
789.621667,-157.347067,0.000000
846.600000,-224.596783,0.000000
728.428125,-173.032875,0.000000
711.210667,-206.090283,0.000000
747.223500,-161.756967,0.000000
787.009714,-145.958729,0.000000
717.715333,-188.421683,0.000000
770.656111,-144.741363,0.000000
782.422833,-216.854317,0.000000
846.176667,-236.331833,0.000000
783.799250,-169.294587,0.000000
713.254375,-182.212000,0.000000
720.853667,-153.890567,0.000000
748.854125,-202.451650,0.000000
735.935000,-160.302080,0.000000
827.616333,-231.506150,0.000000
742.486000,-169.369650,0.000000
836.164250,-229.375000,0.000000
777.870167,-166.829917,0.000000
785.697250,-173.988563,0.000000
794.314333,-159.070017,0.000000
756.882667,-257.248167,0.000000
774.711833,-248.719833,0.000000
729.573455,-163.745582,0.000000
795.536667,-154.107800,0.000000
854.068611,-231.001900,0.000000
798.631500,-224.826550,0.000000
748.839375,-146.379787,0.000000
821.342667,-180.180967,0.000000
801.088615,-172.672715,0.000000
789.569500,-170.363333,0.000000
799.549500,-220.838500,0.000000
777.307000,-234.255875,0.000000
760.986143,-198.094429,0.000000
832.027900,-176.066160,0.000000
719.969778,-185.937111,0.000000
730.047333,-158.220300,0.000000
735.602667,-178.930367,0.000000
746.309167,-192.798375,0.000000
776.018833,-166.415883,0.000000
793.726250,-163.633512,0.000000
835.083222,-233.779456,0.000000
718.158583,-169.750575,0.000000
791.618571,-145.097873,0.000000
734.319556,-188.569356,0.000000
775.010167,-336.797500,0.000000
776.378333,-359.439667,0.000000
853.425375,-291.119375,0.000000
782.232000,-342.003167,0.000000
777.482429,-338.009714,0.000000
790.244571,-344.460714,0.000000
787.865286,-348.368286,0.000000
859.367615,-349.282615,0.000000
867.105000,-298.031778,0.000000
793.963833,-345.662333,0.000000
865.753429,-302.756143,0.000000
805.694857,-339.439000,0.000000
869.891667,-345.300167,0.000000
854.972857,-339.117857,0.000000
833.584500,-306.585333,0.000000
857.184143,-341.211857,0.000000
814.592333,-333.041833,0.000000
810.365111,-371.286222,0.000000
813.894333,-336.699167,0.000000
861.996231,-387.216154,0.000000
806.339143,-358.067000,0.000000
812.865000,-352.103286,0.000000
796.669167,-359.481667,0.000000
749.711500,-286.881167,0.000000
784.180500,-340.457167,0.000000
775.534083,-335.054083,0.000000
799.363444,-352.693667,0.000000
790.786300,-360.278200,0.000000
800.190000,-291.217167,0.000000
805.383200,-347.992300,0.000000
797.496667,-346.401667,0.000000
811.653333,-354.549333,0.000000
784.532250,-296.605625,0.000000
761.045231,-325.042923,0.000000
791.330889,-303.966889,0.000000
810.565571,-361.763857,0.000000
852.823000,-341.589000,0.000000
822.364500,-142.209062,0.000000
779.354167,-302.847500,0.000000
762.658444,-163.317033,0.000000
763.884333,-286.562333,0.000000
830.659667,-314.598500,0.000000
863.932500,-303.195833,0.000000
797.542333,-339.798333,0.000000
794.128500,-320.024833,0.000000
791.724812,-295.926947,0.000000
841.662833,-280.913667,0.000000
773.060167,-339.599000,0.000000
827.001423,-286.390000,0.000000
824.203000,-279.589429,0.000000
829.532875,-297.239125,0.000000
829.269125,-316.398750,0.000000
792.741077,-332.548692,0.000000
829.698571,-304.476000,0.000000
860.685667,-347.073833,0.000000
771.536000,-275.042833,0.000000
809.387625,-342.672125,0.000000
834.743750,-140.266189,0.000000
761.806500,-285.436500,0.000000
796.269375,-315.683375,0.000000
803.965923,-338.323692,0.000000
892.647500,-380.733714,0.000000
769.598833,-168.518550,0.000000
746.456167,-282.892500,0.000000
679.870333,-375.715333,0.000000
663.013000,-356.027500,0.000000
666.934167,-354.610000,0.000000
548.162833,-158.331417,0.000000
647.523500,-481.074500,0.000000
525.966500,-172.338567,0.000000
654.619000,-375.038833,0.000000
528.799833,-177.001333,0.000000
555.282333,-188.632867,0.000000
562.750929,-149.308108,0.000000
653.424000,-451.839375,0.000000
695.928500,-479.591000,0.000000
555.632833,-160.958000,0.000000
653.335729,-452.027687,0.000000
546.078900,-193.645395,0.000000
576.560929,-136.108506,0.000000
588.850167,-128.397683,0.000000
581.028000,-125.525278,0.000000
601.626833,-151.235717,0.000000
535.693563,-171.674138,0.000000
609.171000,-153.734183,0.000000
536.298250,-199.569950,0.000000
570.790500,-139.473690,0.000000
652.860563,-452.323333,0.000000
530.467167,-185.892733,0.000000
713.712667,-389.701333,0.000000
549.767250,-156.249287,0.000000
581.194667,-136.050820,0.000000
567.028833,-150.183450,0.000000
575.690833,-140.338667,0.000000
585.200389,-125.478183,0.000000
653.535400,-450.237700,0.000000
603.125500,-161.498617,0.000000
596.694167,-159.246950,0.000000
625.450000,-445.263167,0.000000
678.317333,-413.866333,0.000000
532.235000,-184.136233,0.000000
562.887167,-144.870438,0.000000
604.206667,-158.680200,0.000000
652.308500,-452.572306,0.000000
557.647500,-148.931933,0.000000
653.723208,-451.910167,0.000000
659.890143,-372.114143,0.000000
549.220000,-195.799783,0.000000
557.180333,-154.099600,0.000000
576.965333,-130.819977,0.000000
698.467500,-417.930167,0.000000
542.141500,-199.627417,0.000000
525.295286,-176.245829,0.000000
521.544333,-178.553367,0.000000
536.942333,-174.799600,0.000000
543.332100,-167.566560,0.000000
552.907833,-163.197000,0.000000
700.906167,-401.902833,0.000000
652.736521,-452.477708,0.000000
581.611500,-130.366355,0.000000
548.307000,-190.181183,0.000000
547.660000,-169.866617,0.000000
713.167333,-407.751333,0.000000
571.467833,-135.086971,0.000000
661.230167,-422.833833,0.000000
528.249667,-174.625967,0.000000
540.356167,-175.830133,0.000000
551.946700,-158.595160,0.000000
567.585667,-144.460693,0.000000
561.560333,-154.422350,0.000000
663.161429,-499.552286,0.000000
569.085833,-245.071333,0.000000
586.283000,-168.723700,0.000000
589.024500,-167.883433,0.000000
569.397500,-172.994517,0.000000
572.419167,-178.889483,0.000000
579.939000,-209.295622,0.000000
574.065857,-174.946700,0.000000
592.854545,-188.549936,0.000000
587.752667,-185.878483,0.000000
585.144000,-205.819312,0.000000
586.689375,-211.546075,0.000000
556.987833,-230.451400,0.000000
561.168000,-228.465723,0.000000
562.588500,-212.101767,0.000000
555.489667,-214.480033,0.000000
553.229167,-215.692650,0.000000
604.282333,-201.861133,0.000000
554.852111,-226.705389,0.000000
574.771100,-227.740020,0.000000
566.330250,-213.816762,0.000000
583.621636,-243.329909,0.000000
578.473333,-175.761000,0.000000
568.795625,-225.886437,0.000000
575.396667,-210.917683,0.000000
558.863500,-211.485033,0.000000
560.425857,-231.088071,0.000000
602.544286,-199.724657,0.000000
575.200833,-237.050133,0.000000
595.221333,-164.700583,0.000000
580.111500,-170.320283,0.000000
614.018015,-185.463539,0.000000
590.042929,-163.470286,0.000000
573.621000,-234.387255,0.000000
595.567875,-206.648712,0.000000
575.045333,-252.798500,0.000000
563.192500,-207.394867,0.000000
579.251833,-243.731833,0.000000
592.816672,-247.477851,0.000000
578.926556,-251.629556,0.000000
580.268333,-214.335017,0.000000
568.360667,-226.501433,0.000000
572.796200,-242.584400,0.000000
575.460333,-169.952500,0.000000
561.085200,-211.985753,0.000000
581.480900,-237.456420,0.000000
576.636500,-239.507833,0.000000
590.664167,-201.029017,0.000000
587.861500,-201.649450,0.000000
583.440667,-250.016833,0.000000
592.143167,-158.769433,0.000000
589.168800,-196.050210,0.000000
585.951667,-161.906867,0.000000
578.169167,-196.399033,0.000000
587.527500,-203.508733,0.000000
572.486143,-206.619257,0.000000
584.935333,-190.923633,0.000000
594.141500,-184.749433,0.000000
528.217800,-179.607800,0.000000
578.489778,-216.373500,0.000000
584.617167,-211.199583,0.000000
604.889091,-190.376564,0.000000
573.131333,-219.102733,0.000000
567.913125,-179.268050,0.000000
570.573571,-231.858143,0.000000
392.631667,-73.979817,0.000000
472.678875,-129.978360,0.000000
582.098413,-23.086510,0.000000
664.520167,-306.511167,0.000000
688.967167,-326.827333,0.000000
685.201167,-323.868667,0.000000
573.392500,-11.395500,0.000000
571.633286,-198.139271,0.000000
393.202667,-62.478167,0.000000
406.163500,-81.637900,0.000000
576.742100,-199.723660,0.000000
461.212222,-123.278357,0.000000
682.142333,-326.667500,0.000000
681.370071,-318.995714,0.000000
697.228875,-292.754250,0.000000
720.496857,-426.745143,0.000000
490.023857,-50.807143,0.000000
595.032125,-197.375319,0.000000
586.511600,-7.255600,0.000000
589.924667,-33.830700,0.000000
571.436000,-206.819164,0.000000
576.125833,-253.726000,0.000000
591.816000,-14.062167,0.000000
406.231778,-57.571822,0.000000
585.523242,-22.654033,0.000000
594.411069,-247.152239,0.000000
568.523048,-31.946943,0.000000
427.807070,-142.281057,0.000000
480.164333,-240.376833,0.000000
456.009048,-173.588152,0.000000
479.570400,-154.062576,0.000000
477.812571,-137.425337,0.000000
496.645375,-165.042975,0.000000
562.955000,-237.327060,0.000000
682.585333,-329.121000,0.000000
593.763167,-16.625667,0.000000
398.373167,-89.253267,0.000000
590.360833,-12.146333,0.000000
416.715667,-72.848489,0.000000
470.203333,-52.284533,0.000000
485.934500,-49.602562,0.000000
580.096490,-22.420855,0.000000
585.063571,-251.510714,0.000000
573.063900,-12.515700,0.000000
593.523450,-13.023850,0.000000
454.394214,-123.267520,0.000000
480.977500,-144.813789,0.000000
668.886875,-301.237625,0.000000
679.135571,-312.504143,0.000000
398.446068,-72.685951,0.000000
578.217333,-257.609667,0.000000
580.845636,-200.921245,0.000000
573.971833,-222.318250,0.000000
581.106663,-22.907490,0.000000
425.323333,-138.479870,0.000000
569.025900,-231.497980,0.000000
568.217867,-20.149800,0.000000
510.903333,-206.487733,0.000000
399.169167,-71.295117,0.000000
478.356795,-53.902549,0.000000
475.732333,-60.600967,0.000000
569.976000,-31.079833,0.000000
399.201333,-58.439717,0.000000
591.179562,-34.534975,0.000000
555.831333,-213.557444,0.000000
595.274333,-288.689833,0.000000
673.269100,-329.615000,0.000000
691.943500,-311.699500,0.000000
560.793390,-221.163388,0.000000
650.917833,-402.162000,0.000000
626.533667,-417.378000,0.000000
715.541125,-301.888875,0.000000
639.929571,-413.457286,0.000000
673.063500,-476.499667,0.000000
692.825200,-324.649800,0.000000
709.925434,-304.787047,0.000000
635.453500,-257.631667,0.000000
691.082500,-297.328875,0.000000
699.666125,-312.805875,0.000000
687.001364,-318.825727,0.000000
718.224500,-316.361333,0.000000
636.843750,-303.547750,0.000000
553.122909,-223.428355,0.000000
734.783000,-378.018000,0.000000
707.250667,-294.961000,0.000000
730.860625,-359.585375,0.000000
698.144167,-326.265833,0.000000
689.698625,-323.933750,0.000000
641.530588,-406.087824,0.000000
671.165500,-494.509500,0.000000
702.092760,-305.187478,0.000000
703.402750,-320.781375,0.000000
698.745857,-328.764857,0.000000
722.278714,-325.843429,0.000000
703.834667,-324.332000,0.000000
704.082500,-298.943400,0.000000
705.159000,-296.336571,0.000000
718.214000,-300.299833,0.000000
721.698667,-484.558500,0.000000
642.370167,-276.906167,0.000000
603.332900,-273.683700,0.000000
727.789000,-323.342333,0.000000
717.493857,-311.949857,0.000000
674.510250,-314.646500,0.000000
734.967833,-383.202667,0.000000
673.626143,-324.371714,0.000000
699.335333,-315.756667,0.000000
696.121889,-315.291222,0.000000
686.395105,-486.490105,0.000000
639.432833,-231.683233,0.000000
734.530167,-372.720333,0.000000
706.839389,-333.543444,0.000000
624.910667,-211.296967,0.000000
625.709625,-302.291125,0.000000
650.876500,-532.673167,0.000000
605.979000,-481.202333,0.000000
626.735333,-469.206500,0.000000
710.991455,-324.630000,0.000000
730.464167,-388.662500,0.000000
701.814000,-445.432500,0.000000
695.225636,-330.718182,0.000000
619.668750,-222.249550,0.000000
720.269500,-318.100375,0.000000
645.258143,-226.079571,0.000000
706.172333,-330.221000,0.000000
620.217667,-222.905200,0.000000
633.436167,-249.971667,0.000000
702.554667,-404.430333,0.000000
635.554273,-246.873455,0.000000
660.166444,-260.092000,0.000000
662.415857,-260.058143,0.000000
663.732000,-261.584714,0.000000
729.247375,-362.954750,0.000000
705.352286,-445.450429,0.000000
626.232333,-227.504511,0.000000
647.730500,-235.065733,0.000000
656.618833,-252.827833,0.000000
655.551167,-368.007667,0.000000
651.050375,-242.262500,0.000000
654.400714,-243.856143,0.000000
618.076588,-214.906803,0.000000
627.528625,-218.266788,0.000000
638.605667,-217.123567,0.000000
627.580111,-230.390033,0.000000
707.325667,-330.011556,0.000000
628.585667,-235.813944,0.000000
711.783500,-317.751667,0.000000
625.497941,-222.741041,0.000000
706.906333,-412.310333,0.000000
716.591667,-449.335500,0.000000
701.152265,-304.826337,0.000000
645.329500,-236.247683,0.000000
639.850333,-257.273444,0.000000
642.805333,-245.758667,0.000000
703.566750,-331.803500,0.000000
635.338867,-241.246347,0.000000
623.956700,-231.075570,0.000000
631.186375,-239.094250,0.000000
646.004125,-267.375250,0.000000
643.890000,-259.204625,0.000000
652.084167,-255.088667,0.000000
634.039833,-211.597483,0.000000
657.599300,-252.690300,0.000000
665.516250,-267.841250,0.000000
721.610167,-327.385333,0.000000
622.467875,-221.709812,0.000000
646.177000,-249.078250,0.000000
643.143444,-263.645000,0.000000
631.343333,-213.202167,0.000000
727.394500,-319.811167,0.000000
637.662000,-254.261000,0.000000
648.096333,-243.177500,0.000000
635.395571,-234.801843,0.000000
617.110833,-217.888950,0.000000
632.148667,-228.897475,0.000000
635.908250,-217.840725,0.000000
631.951500,-229.719950,0.000000
644.120250,-224.444400,0.000000
710.009969,-303.762888,0.000000
709.213400,-442.325500,0.000000
653.392143,-242.301000,0.000000
627.020000,-239.178875,0.000000
652.089250,-264.564750,0.000000
657.172000,-260.854333,0.000000
640.774250,-224.928600,0.000000
608.660714,-307.673429,0.000000
645.160667,-282.173000,0.000000
617.097818,-309.884000,0.000000
609.554000,-279.519625,0.000000
663.337833,-271.949667,0.000000
624.581786,-306.916643,0.000000
607.118600,-293.505700,0.000000
609.632500,-300.546714,0.000000
615.173333,-293.892667,0.000000
709.597167,-454.025500,0.000000
713.442500,-461.331500,0.000000
610.349000,-304.627833,0.000000
607.203333,-298.988167,0.000000
722.237000,-458.546833,0.000000
711.295783,-450.552975,0.000000
598.319222,-292.744222,0.000000
657.735000,-265.786000,0.000000
623.676500,-308.647333,0.000000
599.145833,-294.468000,0.000000
588.855667,-280.104333,0.000000
651.487500,-275.037500,0.000000
630.004714,-306.292143,0.000000
597.172200,-287.662100,0.000000
639.128083,-231.038042,0.000000
652.821125,-279.305375,0.000000
651.043000,-286.648125,0.000000
625.428667,-305.506500,0.000000
601.731600,-294.459800,0.000000
613.630333,-302.871000,0.000000
589.350500,-279.782000,0.000000
600.990500,-297.243500,0.000000
602.511750,-299.044125,0.000000
635.721143,-257.312000,0.000000
633.545667,-289.766333,0.000000
602.778216,-264.744680,0.000000
611.133000,-301.285750,0.000000
610.006000,-310.120167,0.000000
604.424262,-262.772995,0.000000
615.423100,-287.049800,0.000000
607.317429,-285.769905,0.000000
645.994833,-297.647000,0.000000
623.582750,-359.200500,0.000000
604.943167,-281.783000,0.000000
642.367818,-267.684091,0.000000
605.191833,-302.933833,0.000000
610.017500,-289.429667,0.000000
587.084273,-275.385091,0.000000
613.554333,-292.469167,0.000000
650.932059,-276.393412,0.000000
621.380500,-349.946500,0.000000
615.380286,-423.299286,0.000000
616.198833,-297.288778,0.000000
657.299300,-281.937200,0.000000
604.133000,-301.344333,0.000000
630.325500,-283.984000,0.000000
587.249250,-273.037250,0.000000
606.214000,-280.725500,0.000000
665.993571,-271.255000,0.000000
640.296833,-267.239000,0.000000
644.274500,-278.435250,0.000000
636.863333,-289.613400,0.000000
611.051333,-311.715667,0.000000
656.921333,-275.200833,0.000000
651.977400,-290.876900,0.000000
674.137000,-328.126500,0.000000
436.793250,-138.745645,0.000000
511.060833,-135.180710,0.000000
511.155038,-33.435090,0.000000
516.024500,-32.996583,0.000000
767.134667,-69.205783,0.000000
752.756125,-101.404250,0.000000
645.384667,-70.276017,0.000000
651.819000,-78.627100,0.000000
500.996167,-27.436283,0.000000
404.551300,-84.041450,0.000000
765.326833,-77.079733,0.000000
663.289250,-81.078200,0.000000
670.532929,-87.469379,0.000000
648.305167,-249.421667,0.000000
650.810333,-69.206083,0.000000
652.660429,-246.509857,0.000000
479.728890,-53.369809,0.000000
484.533143,-159.936371,0.000000
715.803167,-110.800317,0.000000
641.454200,-99.067760,0.000000
655.422833,-71.381083,0.000000
527.603667,-29.832167,0.000000
670.060625,-328.591000,0.000000
479.609990,-53.508966,0.000000
391.456444,-90.267522,0.000000
745.455000,-59.289083,0.000000
510.945917,-135.429308,0.000000
758.240333,-80.959383,0.000000
654.078667,-246.502000,0.000000
695.536167,-112.100600,0.000000
651.387400,-246.928800,0.000000
652.202000,-248.914333,0.000000
521.790333,-30.932417,0.000000
679.559167,-479.905944,0.000000
494.570143,-30.375157,0.000000
777.731625,-347.133000,0.000000
771.730833,-64.855417,0.000000
770.243444,-114.602733,0.000000
772.321500,-201.806133,0.000000
734.859167,-144.453777,0.000000
864.503833,-275.765500,0.000000
859.473667,-288.296833,0.000000
806.879500,-333.710167,0.000000
841.235455,-294.531273,0.000000
840.480125,-272.756000,0.000000
824.546000,-313.965167,0.000000
713.449500,-178.724317,0.000000
768.463000,-64.750883,0.000000
742.697333,-211.799233,0.000000
793.510643,-265.040143,0.000000
726.169125,-209.784125,0.000000
778.011500,-43.115200,0.000000
721.672455,-197.902027,0.000000
759.966100,-164.479800,0.000000
899.367333,-122.084817,0.000000
758.938250,-284.620375,0.000000
711.462667,-189.235833,0.000000
777.903000,-160.782767,0.000000
753.493600,-195.683600,0.000000
852.788250,-181.766825,0.000000
786.680833,-366.812667,0.000000
835.139500,-285.302000,0.000000
815.179500,-183.684775,0.000000
732.862222,-199.464500,0.000000
712.069571,-247.520143,0.000000
875.043692,-309.843308,0.000000
902.542375,-310.466875,0.000000
774.891500,-101.350167,0.000000
755.305863,-207.103007,0.000000
775.569000,-127.631975,0.000000
726.184167,-236.896133,0.000000
831.625833,-147.796873,0.000000
927.523500,-104.984940,0.000000
818.407000,-194.685200,0.000000
736.751667,-80.605650,0.000000
751.647556,-155.424978,0.000000
777.952000,-324.218500,0.000000
824.241375,-260.137000,0.000000
723.359500,-140.427996,0.000000
984.477500,-91.823925,0.000000
785.145000,-288.977333,0.000000
796.339624,-74.811994,0.000000
702.461000,-230.738625,0.000000
824.078667,-168.768267,0.000000
873.902125,-64.841050,0.000000
842.231667,-150.568673,0.000000
765.416000,-314.716000,0.000000
765.156545,-328.026545,0.000000
813.871692,-344.060615,0.000000
820.358250,-148.108442,0.000000
777.974167,-66.376767,0.000000
795.741667,-272.772333,0.000000
728.757750,-93.262212,0.000000
778.178167,-55.827917,0.000000
820.239500,-125.354467,0.000000
711.051222,-208.509611,0.000000
770.539533,-275.275733,0.000000
771.248300,-260.101700,0.000000
745.367500,-287.875500,0.000000
799.648750,-274.865125,0.000000
913.151333,-351.344667,0.000000
939.624500,-368.053333,0.000000
928.552875,-364.340125,0.000000
826.866833,-441.966333,0.000000
914.009333,-389.613500,0.000000
888.370286,-411.545821,0.000000
842.048833,-324.532500,0.000000
850.162500,-317.439222,0.000000
824.331000,-318.491000,0.000000
824.256333,-327.730167,0.000000
855.665000,-209.570600,0.000000
843.564500,-235.586300,0.000000
788.487167,-317.941000,0.000000
791.578929,-212.206314,0.000000
791.323889,-192.639611,0.000000
787.922000,-195.339017,0.000000
801.847875,-175.874887,0.000000
943.508667,-325.695167,0.000000
873.762286,-340.369857,0.000000
829.234444,-489.258889,0.000000
840.048000,-505.180667,0.000000
892.825167,-471.627167,0.000000
897.586000,-442.348167,0.000000
925.923286,-378.868286,0.000000
830.802500,-470.158833,0.000000
1021.793667,-437.782500,0.000000
987.428667,-410.772500,0.000000
828.021667,-429.811000,0.000000
861.815500,-204.309117,0.000000
832.018857,-232.040414,0.000000
851.331667,-301.285000,0.000000
931.057250,-308.249417,0.000000
805.106500,-443.828000,0.000000
871.563533,-532.391667,0.000000
838.370333,-436.721000,0.000000
938.166167,-472.013500,0.000000
922.931000,-428.238167,0.000000
838.103833,-477.592167,0.000000
916.003286,-262.781286,0.000000
811.879901,-328.096370,0.000000
973.310167,-396.337000,0.000000
823.162673,-289.413418,0.000000
903.802000,-356.183000,0.000000
858.994875,-422.256375,0.000000
839.105500,-422.172625,0.000000
984.994167,-556.531667,0.000000
837.465667,-402.769667,0.000000
984.739833,-366.878333,0.000000
930.186455,-411.640182,0.000000
778.970625,-433.924500,0.000000
813.169143,-220.429193,0.000000
851.869375,-229.251712,0.000000
821.602500,-455.518300,0.000000
848.709250,-204.493367,0.000000
897.726625,-373.622125,0.000000
967.807667,-296.890500,0.000000
900.041714,-336.680143,0.000000
924.702000,-396.640000,0.000000
977.205500,-400.785167,0.000000
778.601375,-309.496375,0.000000
817.200167,-284.028833,0.000000
914.516000,-331.820000,0.000000
968.307250,-450.290750,0.000000
888.309200,-510.823600,0.000000
972.317167,-82.200633,0.000000
971.453750,-101.368700,0.000000
747.741000,-264.083167,0.000000
849.830167,-273.073333,0.000000
969.659667,-323.352222,0.000000
738.549667,-120.722151,0.000000
737.399556,-106.941156,0.000000
958.305333,-318.216500,0.000000
847.604167,-168.704467,0.000000
816.345667,-577.740000,0.000000
916.285800,-408.197200,0.000000
806.602222,-564.437333,0.000000
850.862167,-562.674500,0.000000
862.586500,-478.764750,0.000000
999.991143,-180.027271,0.000000
815.282625,-547.133063,0.000000
1008.578333,-86.116183,0.000000
1008.778333,-316.248000,0.000000
882.990400,-367.063900,0.000000
1002.085000,-91.034867,0.000000
826.811333,-571.736333,0.000000
978.304273,-83.653764,0.000000
979.089000,-97.713037,0.000000
973.402600,-96.382580,0.000000
976.894286,-366.156143,0.000000
880.943500,-329.012929,0.000000
946.026750,-437.394250,0.000000
881.375833,-589.831667,0.000000
969.674917,-418.501000,0.000000
952.725500,-371.926167,0.000000
872.976167,-518.947667,0.000000
756.041833,-89.170900,0.000000
982.301500,-111.404750,0.000000
848.600600,-544.950600,0.000000
963.466833,-101.163567,0.000000
904.016056,-226.221678,0.000000
866.085000,-572.828500,0.000000
891.443833,-318.923833,0.000000
943.001833,-266.921667,0.000000
968.199000,-102.272500,0.000000
975.160833,-103.182917,0.000000
1014.504750,-184.250300,0.000000
876.161667,-580.062833,0.000000
809.527167,-237.877167,0.000000
857.001667,-363.441000,0.000000
993.260000,-371.573545,0.000000
843.072167,-195.786950,0.000000
796.812273,-236.340800,0.000000
1006.505000,-262.945500,0.000000
949.241333,-428.141167,0.000000
996.621333,-204.196267,0.000000
1015.746000,-86.477967,0.000000
885.039625,-529.266625,0.000000
869.717583,-507.482083,0.000000
831.869583,-546.590833,0.000000
846.667667,-366.756400,0.000000
945.220667,-410.159333,0.000000
1008.947250,-169.792800,0.000000
832.010222,-240.035944,0.000000
812.504000,-261.614333,0.000000
992.224667,-93.445417,0.000000
799.902286,-256.724429,0.000000
712.047043,-231.047126,0.000000
842.427667,-321.725833,0.000000
892.258333,-567.510167,0.000000
985.726333,-522.646222,0.000000
807.295333,-276.939500,0.000000
894.865400,-304.402000,0.000000
893.309300,-304.831000,0.000000
928.469333,-490.637500,0.000000
833.038000,-328.365375,0.000000
891.615167,-320.227333,0.000000
961.154833,-364.108167,0.000000
989.200250,-369.530250,0.000000
859.893667,-286.494833,0.000000
815.530000,-278.201875,0.000000
953.289625,-431.415250,0.000000
943.199167,-426.550333,0.000000
942.296500,-431.254833,0.000000
983.773500,-504.193167,0.000000
842.259500,-333.642500,0.000000
978.228429,-515.521714,0.000000
821.219600,-209.087120,0.000000
1031.447833,-162.358433,0.000000
853.660833,-273.788833,0.000000
860.353500,-184.940283,0.000000
854.008846,-285.583769,0.000000
893.719375,-313.765000,0.000000
992.966500,-543.334333,0.000000
851.259833,-266.020167,0.000000
856.919833,-186.598067,0.000000
836.615333,-623.077333,0.000000
862.404571,-285.657429,0.000000
820.845500,-272.812300,0.000000
904.131333,-322.718500,0.000000
944.867333,-371.800000,0.000000
1017.046400,-551.738800,0.000000
827.660167,-172.570383,0.000000
829.802545,-321.157909,0.000000
1004.764105,-576.620421,0.000000
828.819556,-209.880233,0.000000
1021.032000,-466.921000,0.000000
868.739500,-276.635000,0.000000
820.504857,-269.398286,0.000000
907.199571,-493.530143,0.000000
944.081750,-366.574750,0.000000
699.749455,-62.877182,0.000000
688.694250,-71.136775,0.000000
860.335333,-284.597667,0.000000
888.362500,-319.513667,0.000000
960.835500,-367.385643,0.000000
992.461857,-356.077714,0.000000
980.326667,-395.723833,0.000000
987.442500,-408.219000,0.000000
1028.113333,-508.823167,0.000000
927.183545,-367.566455,0.000000
996.143167,-485.082667,0.000000
867.022167,-287.121167,0.000000
952.306667,-365.710833,0.000000
855.092167,-266.760000,0.000000
827.989889,-270.749667,0.000000
843.874375,-328.416375,0.000000
908.102750,-316.453750,0.000000
967.604667,-427.990500,0.000000
955.379000,-428.921500,0.000000
974.052800,-375.092650,0.000000
913.737167,-269.350500,0.000000
823.232667,-543.095833,0.000000
909.735333,-442.247333,0.000000
982.757375,-449.953875,0.000000
960.215250,-572.368000,0.000000
932.747500,-553.754000,0.000000
936.665778,-487.669667,0.000000
955.931167,-529.031333,0.000000
987.303500,-441.423625,0.000000
948.337667,-431.960667,0.000000
946.850375,-416.310500,0.000000
916.116833,-534.841667,0.000000
1000.638417,-488.205167,0.000000
929.747400,-500.713800,0.000000
798.724875,-569.333000,0.000000
889.628000,-434.315333,0.000000
935.559609,-421.644087,0.000000
1028.860833,-437.970333,0.000000
966.354852,-530.613556,0.000000
936.797375,-446.579000,0.000000
947.314333,-463.058833,0.000000
992.580000,-569.817500,0.000000
927.059385,-512.262077,0.000000
946.538000,-430.687692,0.000000
948.089111,-582.066556,0.000000
915.136833,-526.052667,0.000000
981.936167,-435.193167,0.000000
892.465000,-589.605833,0.000000
942.271667,-435.227167,0.000000
798.967333,-567.221667,0.000000
847.201533,-612.501033,0.000000
831.870333,-599.457833,0.000000
831.535500,-611.444500,0.000000
940.178167,-455.908833,0.000000
965.213200,-582.915500,0.000000
904.237109,-445.303043,0.000000
903.482571,-532.268429,0.000000
867.498731,-561.752346,0.000000
943.656333,-450.723000,0.000000
884.948400,-433.390800,0.000000
958.422667,-459.799833,0.000000
961.709875,-562.934875,0.000000
989.227333,-435.125167,0.000000
936.702137,-542.048627,0.000000
1026.696111,-512.211750,0.000000
968.800286,-437.058429,0.000000
937.305167,-540.523833,0.000000
917.322667,-591.054667,0.000000
867.530667,-551.980833,0.000000
848.713000,-569.297444,0.000000
820.893462,-571.238846,0.000000
935.450917,-495.499667,0.000000
814.387800,-561.050400,0.000000
930.115000,-478.419667,0.000000
1017.488125,-535.197875,0.000000
960.640000,-441.580125,0.000000
827.856833,-606.005500,0.000000
841.741750,-626.730125,0.000000
942.822625,-429.827750,0.000000
972.257286,-551.133571,0.000000
962.522800,-592.073200,0.000000
804.229889,-574.736556,0.000000
845.816125,-603.237875,0.000000
827.955300,-603.312400,0.000000
996.929500,-435.052500,0.000000
819.119333,-481.509333,0.000000
928.695000,-424.267900,0.000000
870.246556,-417.667444,0.000000
836.685167,-462.982833,0.000000
903.764167,-409.201333,0.000000
864.206000,-485.041083,0.000000
864.683143,-520.178857,0.000000
875.983167,-498.271000,0.000000
908.071643,-417.471857,0.000000
839.552500,-417.109000,0.000000
877.228571,-498.449714,0.000000
856.004333,-401.573000,0.000000
889.144513,-552.433923,0.000000
851.564000,-522.246750,0.000000
936.466000,-426.939667,0.000000
857.897667,-405.869200,0.000000
856.252500,-517.518000,0.000000
879.221333,-580.168500,0.000000
842.112429,-537.496714,0.000000
876.663000,-569.646875,0.000000
877.273429,-427.326714,0.000000
853.371818,-412.785182,0.000000
937.336714,-420.547429,0.000000
859.635571,-417.339857,0.000000
987.983769,-542.662231,0.000000
862.805700,-404.933700,0.000000
840.054000,-463.512700,0.000000
893.491667,-551.758333,0.000000
810.634375,-479.871750,0.000000
862.499250,-494.778417,0.000000
893.403667,-491.620667,0.000000
890.356000,-498.568600,0.000000
861.928667,-538.895778,0.000000
911.494667,-529.533833,0.000000
890.632967,-408.995433,0.000000
896.139136,-404.894273,0.000000
821.284178,-473.757200,0.000000
897.845125,-411.205250,0.000000
873.361143,-411.181286,0.000000
858.194000,-544.159167,0.000000
860.174000,-486.265375,0.000000
917.065667,-494.204833,0.000000
927.624317,-491.100250,0.000000
835.364333,-471.259333,0.000000
914.029333,-410.626833,0.000000
904.607500,-543.618833,0.000000
848.617500,-416.957667,0.000000
936.686875,-433.139750,0.000000
875.647333,-427.529667,0.000000
1008.382431,-466.407902,0.000000
923.707000,-409.548000,0.000000
928.497875,-419.883125,0.000000
910.846786,-421.409429,0.000000
876.750600,-534.870000,0.000000
909.911167,-534.077000,0.000000
930.880833,-427.917667,0.000000
860.659333,-519.588333,0.000000
893.703286,-434.567714,0.000000
831.872667,-538.452667,0.000000
864.307750,-411.398250,0.000000
917.969429,-530.213286,0.000000
853.869000,-409.221000,0.000000
859.981000,-414.165125,0.000000
818.451167,-543.850500,0.000000
805.580000,-238.906500,0.000000
882.612500,-377.717250,0.000000
811.085000,-238.229667,0.000000
805.963833,-234.907167,0.000000
820.273667,-227.763000,0.000000
817.246714,-315.542857,0.000000
851.183444,-491.365000,0.000000
887.429667,-297.626500,0.000000
852.459833,-301.536000,0.000000
848.910500,-242.768500,0.000000
808.300143,-246.203429,0.000000
857.152833,-362.428000,0.000000
798.792714,-249.129286,0.000000
843.134286,-279.579571,0.000000
801.085333,-206.242583,0.000000
889.329625,-335.411125,0.000000
866.464900,-367.874500,0.000000
852.639500,-294.912000,0.000000
891.107556,-386.978444,0.000000
864.096833,-362.833667,0.000000
848.220000,-505.306333,0.000000
870.212200,-333.060400,0.000000
834.134500,-258.480833,0.000000
859.315800,-255.039500,0.000000
807.273250,-253.092750,0.000000
810.493500,-235.561583,0.000000
811.988333,-219.720815,0.000000
847.198667,-254.605667,0.000000
852.698929,-480.643643,0.000000
799.473833,-434.764833,0.000000
877.457500,-295.378167,0.000000
850.371333,-486.845667,0.000000
853.228500,-490.799125,0.000000
852.668300,-499.476200,0.000000
885.551400,-362.167400,0.000000
889.498067,-350.904267,0.000000
883.422250,-297.201125,0.000000
873.087333,-305.960833,0.000000
862.716000,-264.233286,0.000000
824.113778,-250.112111,0.000000
812.929571,-436.139714,0.000000
838.986533,-245.793933,0.000000
807.872143,-251.035429,0.000000
917.012667,-586.772500,0.000000
834.129222,-488.705333,0.000000
885.432917,-398.690917,0.000000
862.981250,-360.982167,0.000000
879.796308,-357.508462,0.000000
885.204000,-389.231917,0.000000
878.963364,-363.430182,0.000000
826.475923,-254.710154,0.000000
847.291900,-258.503200,0.000000
867.682714,-264.040857,0.000000
845.540333,-436.980917,0.000000
858.848167,-258.183833,0.000000
784.405000,-435.029750,0.000000
827.124833,-282.447033,0.000000
874.082429,-323.093429,0.000000
882.886500,-352.622500,0.000000
861.372778,-298.411111,0.000000
841.922875,-256.625375,0.000000
801.881833,-250.738000,0.000000
801.068000,-255.451000,0.000000
916.579833,-580.820167,0.000000
751.254417,-240.337033,0.000000
699.946500,-222.193992,0.000000
727.757500,-254.463333,0.000000
743.294917,-260.251083,0.000000
715.701000,-231.266183,0.000000
741.667467,-257.057333,0.000000
728.491857,-241.713571,0.000000
738.196667,-243.676500,0.000000
733.915833,-255.567167,0.000000
720.344286,-238.698929,0.000000
734.522333,-253.491833,0.000000
735.308500,-247.919167,0.000000
755.770375,-225.414925,0.000000
746.109267,-256.165867,0.000000
743.902833,-260.455167,0.000000
729.823167,-254.834000,0.000000
748.175333,-253.028667,0.000000
724.721900,-245.508200,0.000000
738.290000,-252.130600,0.000000
740.328625,-247.958250,0.000000
660.098333,-93.442000,0.000000
938.291571,-392.566857,0.000000
787.614909,-103.912118,0.000000
666.873833,-96.348467,0.000000
772.984000,-88.921550,0.000000
673.804286,-97.748814,0.000000
692.053267,-70.097347,0.000000
898.236714,-485.660714,0.000000
676.614714,-95.117443,0.000000
747.776000,-247.339857,0.000000
882.843667,-335.065333,0.000000
811.675333,-384.211167,0.000000
792.869000,-225.130333,0.000000
676.659583,-86.509467,0.000000
675.450474,-89.680374,0.000000
815.423875,-354.028375,0.000000
873.972375,-348.953792,0.000000
780.987000,-324.603143,0.000000
878.816667,-336.417667,0.000000
870.581200,-311.108400,0.000000
812.497833,-376.739333,0.000000
813.658167,-362.365833,0.000000
905.512500,-484.617100,0.000000
777.862714,-357.251571,0.000000
857.390750,-511.554125,0.000000
812.748000,-369.064200,0.000000
818.329000,-362.108375,0.000000
851.397455,-601.520364,0.000000
901.843846,-474.791231,0.000000
893.100500,-488.211375,0.000000
821.786143,-185.904307,0.000000
775.756667,-91.212483,0.000000
885.489833,-484.227333,0.000000
811.231500,-387.993667,0.000000
942.711500,-397.797000,0.000000
811.030167,-389.697000,0.000000
707.619500,-74.109871,0.000000
721.689167,-50.696033,0.000000
900.803000,-484.368875,0.000000
769.875500,-315.745000,0.000000
878.119143,-334.094000,0.000000
686.333833,-49.227917,0.000000
688.086000,-54.663300,0.000000
684.457723,-40.180676,0.000000
782.483375,-352.249875,0.000000
782.480421,-225.603526,0.000000
872.352667,-332.951500,0.000000
785.432667,-355.859500,0.000000
780.006000,-324.709500,0.000000
895.497632,-478.254737,0.000000
899.255458,-483.470542,0.000000
768.222500,-315.363833,0.000000
822.052750,-369.049000,0.000000
808.609429,-380.123714,0.000000
882.733667,-338.181667,0.000000
747.939857,-243.942857,0.000000
793.828000,-219.545150,0.000000
793.520667,-95.131100,0.000000
775.961804,-90.880002,0.000000
675.892125,-62.772375,0.000000
863.036429,-505.676714,0.000000
716.379000,-55.792567,0.000000
773.026000,-125.781665,0.000000
695.452886,-50.396484,0.000000
927.809667,-90.436850,0.000000
924.515267,-87.748693,0.000000
845.299900,-154.460040,0.000000
843.524333,-193.570167,0.000000
844.054286,-189.423129,0.000000
927.453167,-115.759167,0.000000
919.720667,-114.267150,0.000000
937.616333,-114.939461,0.000000
916.826333,-105.307117,0.000000
1012.682667,-93.499083,0.000000
995.061902,-84.769659,0.000000
856.937600,-162.631416,0.000000
778.102778,-56.153852,0.000000
700.355125,-67.350412,0.000000
833.226944,-92.877528,0.000000
914.931800,-107.923220,0.000000
837.124000,-80.861400,0.000000
823.184750,-58.845275,0.000000
835.415600,-70.218320,0.000000
837.542779,-61.128192,0.000000
682.298750,-56.826813,0.000000
934.477833,-95.100750,0.000000
940.349400,-119.421540,0.000000
844.211333,-82.358733,0.000000
830.771250,-64.598812,0.000000
1013.024667,-88.960200,0.000000
925.141000,-98.299950,0.000000
852.369278,-156.952727,0.000000
675.538167,-58.002133,0.000000
676.741250,-61.311287,0.000000
845.584000,-185.388067,0.000000
748.485833,-52.625717,0.000000
876.521583,-68.327758,0.000000
856.221714,-55.634257,0.000000
836.152238,-61.747824,0.000000
852.216300,-146.219548,0.000000
935.144500,-117.673433,0.000000
941.125231,-96.884851,0.000000
910.863500,-100.479267,0.000000
825.202571,-84.096357,0.000000
999.398375,-89.504625,0.000000
939.398000,-127.044990,0.000000
999.555167,-75.779533,0.000000
749.295000,-43.988300,0.000000
850.373200,-60.305760,0.000000
926.090250,-106.474255,0.000000
833.852333,-102.430550,0.000000
851.889500,-51.946517,0.000000
916.820000,-122.810450,0.000000
929.565500,-76.281125,0.000000
924.643333,-124.023117,0.000000
990.251167,-110.150767,0.000000
984.924833,-109.863300,0.000000
753.102125,-51.552062,0.000000
1005.542000,-92.635067,0.000000
744.643667,-51.824050,0.000000
751.611750,-52.292475,0.000000
841.957667,-103.138478,0.000000
848.550000,-67.479467,0.000000
863.872800,-70.120330,0.000000
850.187833,-73.022083,0.000000
922.428167,-106.291450,0.000000
930.155500,-107.812533,0.000000
931.473000,-103.938100,0.000000
947.903100,-264.004600,0.000000
930.008636,-338.341273,0.000000
952.824222,-334.692333,0.000000
1028.082833,-161.757133,0.000000
980.746667,-243.514433,0.000000
917.107167,-296.741833,0.000000
983.110583,-265.421750,0.000000
981.979167,-246.613667,0.000000
943.162100,-270.632500,0.000000
937.037833,-269.452667,0.000000
916.351333,-301.714000,0.000000
937.743571,-325.453214,0.000000
1040.490000,-157.748743,0.000000
1000.023333,-247.281667,0.000000
1004.546000,-157.965600,0.000000
1022.199667,-172.589800,0.000000
896.908125,-224.956650,0.000000
966.310667,-329.514500,0.000000
1002.702100,-161.676110,0.000000
1008.223500,-163.064863,0.000000
935.790125,-319.056125,0.000000
967.956667,-260.292500,0.000000
1012.668600,-165.035960,0.000000
929.195000,-268.313333,0.000000
948.191636,-324.264909,0.000000
1009.569667,-200.445000,0.000000
1005.613818,-196.231409,0.000000
980.214857,-282.690714,0.000000
1012.857000,-195.029145,0.000000
981.524167,-245.508500,0.000000
1009.367286,-191.493400,0.000000
1019.964875,-181.975712,0.000000
1010.735833,-178.135517,0.000000
973.285500,-310.526167,0.000000
968.518923,-270.677846,0.000000
1005.066286,-164.908286,0.000000
1013.124333,-162.718117,0.000000
912.678875,-220.702250,0.000000
1015.540556,-178.987867,0.000000
915.289067,-240.998067,0.000000
971.723143,-316.311714,0.000000
1015.268833,-181.380183,0.000000
1004.164875,-203.692513,0.000000
1005.043500,-259.416000,0.000000
999.998455,-207.295491,0.000000
995.173714,-201.752029,0.000000
1020.176667,-167.777467,0.000000
916.272833,-300.175000,0.000000
1039.600167,-166.996483,0.000000
917.443667,-237.231283,0.000000
870.032500,-78.663100,0.000000
1007.716909,-184.611700,0.000000
923.881500,-317.141667,0.000000
985.389000,-254.899667,0.000000
972.921500,-312.396333,0.000000
922.516636,-330.747455,0.000000
931.081333,-325.109667,0.000000
997.203500,-240.462000,0.000000
936.200500,-256.054500,0.000000
929.931625,-319.909250,0.000000
968.550444,-279.867556,0.000000
1043.139667,-166.794867,0.000000
928.232300,-263.579600,0.000000
975.973455,-252.058273,0.000000
925.439333,-354.185500,0.000000
857.687077,-531.062308,0.000000
920.340875,-370.801125,0.000000
917.257333,-363.233000,0.000000
999.727857,-188.230000,0.000000
904.013833,-304.792167,0.000000
918.725500,-353.545833,0.000000
917.873000,-389.926500,0.000000
909.396500,-394.817167,0.000000
704.540833,-79.893850,0.000000
923.295333,-357.308333,0.000000
1012.185500,-154.722692,0.000000
914.609167,-353.151833,0.000000
979.681429,-259.173714,0.000000
893.010000,-386.014000,0.000000
833.886945,-87.979176,0.000000
913.734000,-368.180833,0.000000
923.383833,-368.000667,0.000000
751.705000,-165.534333,0.000000
1008.874333,-156.366883,0.000000
922.329571,-363.040571,0.000000
714.336125,-80.299775,0.000000
892.898462,-386.244077,0.000000
913.251333,-371.224000,0.000000
808.920833,-474.280667,0.000000
781.518833,-521.386500,0.000000
712.467333,-618.314167,0.000000
725.168875,-575.329750,0.000000
690.762000,-557.522167,0.000000
766.760125,-576.223000,0.000000
787.165833,-609.914833,0.000000
719.283000,-512.077375,0.000000
846.872000,-724.799400,0.000000
775.211429,-542.754000,0.000000
815.223235,-701.909294,0.000000
771.845667,-529.670167,0.000000
797.003000,-529.082400,0.000000
758.938500,-607.594500,0.000000
672.089333,-543.148333,0.000000
692.544900,-559.846700,0.000000
771.529300,-579.645500,0.000000
695.056500,-554.692333,0.000000
715.049167,-577.325167,0.000000
693.627000,-555.634667,0.000000
771.062373,-582.405039,0.000000
772.316000,-569.808833,0.000000
708.648833,-545.744500,0.000000
696.981833,-553.423333,0.000000
729.368182,-571.765182,0.000000
720.137900,-564.274100,0.000000
1000.139333,-979.692000,0.000000
778.591167,-748.230167,0.000000
787.598949,-701.546184,0.000000
898.072167,-749.256833,0.000000
946.667455,-734.723364,0.000000
887.635000,-597.395500,0.000000
938.541833,-619.597333,0.000000
986.678143,-657.595143,0.000000
931.073800,-789.877300,0.000000
912.549083,-600.208083,0.000000
1021.543167,-936.172500,0.000000
976.248333,-861.593667,0.000000
959.410818,-676.113818,0.000000
997.027296,-1000.477337,0.000000
941.180667,-664.493917,0.000000
985.685333,-636.902833,0.000000
786.744229,-702.064563,0.000000
1007.367857,-634.153429,0.000000
980.865000,-783.385500,0.000000
1017.945000,-655.622375,0.000000
1002.763333,-921.214833,0.000000
957.916429,-952.416571,0.000000
870.860500,-636.823167,0.000000
796.254500,-659.283167,0.000000
1009.522667,-628.701833,0.000000
929.329167,-649.920667,0.000000
1025.990000,-932.838667,0.000000
1004.049867,-964.501429,0.000000
940.824250,-742.565500,0.000000
977.245333,-667.091500,0.000000
983.576535,-993.992378,0.000000
949.312833,-815.290167,0.000000
804.864167,-617.203833,0.000000
937.139609,-714.062000,0.000000
921.204667,-679.259500,0.000000
1004.977333,-671.489667,0.000000
949.300091,-628.568000,0.000000
1012.646353,-673.013824,0.000000
999.369857,-632.068286,0.000000
1017.306333,-938.345667,0.000000
1011.105833,-913.365667,0.000000
1017.571500,-968.027333,0.000000
823.745500,-600.510167,0.000000
843.460833,-645.601000,0.000000
896.893333,-670.788000,0.000000
1000.491400,-875.286800,0.000000
929.364286,-611.795571,0.000000
974.430000,-844.475333,0.000000
891.482875,-645.949625,0.000000
896.052000,-696.281333,0.000000
962.371750,-759.102875,0.000000
1006.933250,-854.621500,0.000000
982.446367,-979.086837,0.000000
778.568833,-645.005833,0.000000
963.279500,-613.294833,0.000000
1014.811167,-917.991833,0.000000
1018.302449,-985.909816,0.000000
929.742667,-637.848333,0.000000
991.356000,-669.500429,0.000000
961.675500,-820.847700,0.000000
809.942167,-666.283333,0.000000
816.533833,-800.895333,0.000000
892.205125,-741.950250,0.000000
837.860500,-678.129000,0.000000
809.085600,-678.991900,0.000000
818.422250,-666.600875,0.000000
848.263333,-736.934167,0.000000
835.353000,-717.953833,0.000000
928.735889,-800.047778,0.000000
927.360167,-849.333167,0.000000
787.916667,-688.051000,0.000000
971.369167,-834.701667,0.000000
816.477571,-742.689571,0.000000
868.451100,-787.091000,0.000000
803.698667,-781.844333,0.000000
843.240833,-835.962333,0.000000
825.235500,-678.161333,0.000000
827.056700,-695.118300,0.000000
825.257833,-726.933500,0.000000
811.840500,-692.260000,0.000000
984.431000,-664.248000,0.000000
804.588667,-682.518500,0.000000
831.561500,-712.379167,0.000000
812.867833,-676.919833,0.000000
1002.357000,-674.423000,0.000000
797.234503,-675.740285,0.000000
830.077778,-707.876111,0.000000
837.312333,-720.835500,0.000000
853.210786,-780.758571,0.000000
967.692333,-834.434000,0.000000
828.911714,-671.465286,0.000000
960.923167,-839.927167,0.000000
811.547167,-683.904167,0.000000
975.957000,-825.492167,0.000000
806.417500,-691.414900,0.000000
819.461167,-669.656333,0.000000
825.044500,-673.533667,0.000000
844.818333,-731.871000,0.000000
851.901556,-739.730889,0.000000
912.872200,-781.817100,0.000000
951.490000,-904.985167,0.000000
971.093059,-832.624000,0.000000
984.506727,-843.907727,0.000000
824.301667,-697.037000,0.000000
841.596833,-727.136167,0.000000
843.073500,-729.306833,0.000000
840.146333,-725.002833,0.000000
923.579333,-834.824500,0.000000
970.706333,-830.674833,0.000000
888.495750,-825.659833,0.000000
822.381333,-660.293000,0.000000
815.598375,-664.905750,0.000000
800.097333,-706.010167,0.000000
810.070167,-679.587667,0.000000
849.873833,-717.700500,0.000000
833.680556,-688.415556,0.000000
905.761625,-786.177125,0.000000
821.472000,-672.618000,0.000000
889.283091,-754.214182,0.000000
793.081180,-697.091180,0.000000
878.805500,-725.625000,0.000000
838.728333,-722.917667,0.000000
834.130833,-716.156333,0.000000
1048.336500,-968.573667,0.000000
1046.270329,-973.924700,0.000000
982.027556,-833.633000,0.000000
982.619111,-887.614333,0.000000
1023.956857,-905.388571,0.000000
894.767714,-794.558143,0.000000
970.788889,-870.546000,0.000000
863.664833,-761.925500,0.000000
915.669000,-803.564167,0.000000
1008.786889,-909.498111,0.000000
930.816125,-820.237125,0.000000
944.163182,-832.433909,0.000000
988.218667,-894.650167,0.000000
896.857667,-801.998667,0.000000
1011.776461,-902.306250,0.000000
966.563625,-897.025125,0.000000
969.535167,-877.476333,0.000000
882.122000,-772.905500,0.000000
921.231833,-809.543500,0.000000
923.804625,-870.348958,0.000000
907.396500,-799.095000,0.000000
1011.973167,-986.582500,0.000000
1031.659978,-975.165089,0.000000
987.292500,-954.530833,0.000000
872.439240,-779.835680,0.000000
1028.775250,-960.977250,0.000000
991.507949,-880.869582,0.000000
912.716389,-859.428111,0.000000
974.376556,-886.609000,0.000000
986.175333,-891.795167,0.000000
945.977200,-905.682500,0.000000
1020.136167,-925.850000,0.000000
954.879667,-917.897000,0.000000
917.470100,-855.438000,0.000000
994.092163,-884.585367,0.000000
990.029875,-847.313375,0.000000
974.186250,-939.800542,0.000000
901.444167,-812.955667,0.000000
973.366500,-889.870500,0.000000
928.657769,-863.027154,0.000000
962.043500,-853.337333,0.000000
993.570667,-983.684500,0.000000
935.290500,-825.668333,0.000000
1017.535857,-921.416429,0.000000
905.630500,-859.569667,0.000000
987.923000,-991.002667,0.000000
957.335000,-863.720000,0.000000
946.246833,-905.482333,0.000000
937.237167,-816.323000,0.000000
1053.410500,-913.200333,0.000000
971.488700,-902.688000,0.000000
1024.186167,-911.097667,0.000000
996.661408,-888.299663,0.000000
988.740667,-888.583667,0.000000
918.794167,-857.830000,0.000000
890.769167,-820.080667,0.000000
897.301000,-801.118300,0.000000
970.371000,-852.254455,0.000000
873.101000,-757.036167,0.000000
920.523333,-822.640333,0.000000
1022.223500,-924.231333,0.000000
1035.125500,-960.780667,0.000000
972.941500,-938.625333,0.000000
868.551833,-759.367667,0.000000
910.698333,-829.308333,0.000000
893.595500,-842.559000,0.000000
933.157700,-812.670900,0.000000
902.666375,-843.831625,0.000000
879.973667,-803.118833,0.000000
1010.850909,-791.372727,0.000000
1013.622333,-778.866833,0.000000
1004.502667,-796.136167,0.000000
982.197714,-804.676429,0.000000
990.167167,-809.275000,0.000000
1017.819571,-817.657714,0.000000
1015.811600,-798.276100,0.000000
1013.452167,-771.827667,0.000000
803.541000,-614.927500,0.000000
992.357200,-797.053900,0.000000
1010.859200,-785.922700,0.000000
1011.157833,-793.062833,0.000000
1045.970167,-766.554667,0.000000
1039.337200,-766.923500,0.000000
1014.965833,-784.897667,0.000000
815.850000,-634.441875,0.000000
984.340429,-794.743000,0.000000
786.008333,-643.591667,0.000000
997.612500,-780.792500,0.000000
1012.171625,-807.926750,0.000000
1017.855778,-796.438222,0.000000
1025.017000,-781.090000,0.000000
905.645083,-802.868000,0.000000
1003.947800,-776.524000,0.000000
1010.479667,-814.884000,0.000000
1017.506647,-813.792647,0.000000
1049.011500,-765.922000,0.000000
1010.201474,-801.238105,0.000000
1011.735778,-804.012000,0.000000
1045.942500,-765.266833,0.000000
1027.179333,-764.274333,0.000000
1012.530700,-796.029300,0.000000
1009.115917,-791.845833,0.000000
1014.544667,-791.377667,0.000000
1014.263333,-816.341000,0.000000
1030.929125,-766.880875,0.000000
1018.808154,-801.576462,0.000000
1000.422900,-798.079100,0.000000
808.278375,-647.786125,0.000000
822.833667,-642.024333,0.000000
1022.256571,-766.756714,0.000000
784.125458,-643.206042,0.000000
1012.952625,-819.655125,0.000000
820.849333,-643.469333,0.000000
759.880000,-655.839500,0.000000
778.911258,-645.541464,0.000000
773.753770,-648.551670,0.000000
775.666000,-658.841167,0.000000
822.258333,-645.619000,0.000000
810.529556,-626.993556,0.000000
870.356579,-758.451053,0.000000
1005.908167,-767.752167,0.000000
976.721571,-800.352714,0.000000
855.507000,-770.431700,0.000000
1005.412625,-808.020750,0.000000
989.889833,-801.205167,0.000000
1007.926667,-809.324167,0.000000
973.612833,-790.537500,0.000000
1004.646167,-800.834500,0.000000
1018.387167,-781.333667,0.000000
955.376500,-779.652250,0.000000
950.311714,-765.749286,0.000000
908.556375,-811.507500,0.000000
931.359333,-735.837833,0.000000
912.912786,-816.660875,0.000000
688.128500,-542.500167,0.000000
703.955167,-565.775333,0.000000
717.998429,-581.798857,0.000000
1023.343000,-764.565750,0.000000
877.056125,-634.232500,0.000000
939.090182,-781.659273,0.000000
950.691167,-763.816833,0.000000
935.610333,-724.515833,0.000000
877.051417,-646.228000,0.000000
958.872857,-785.998429,0.000000
942.757429,-787.227571,0.000000
879.086543,-651.106071,0.000000
1013.328667,-855.834167,0.000000
966.510100,-784.491400,0.000000
925.806875,-819.306500,0.000000
953.821000,-778.770833,0.000000
888.926500,-652.165833,0.000000
993.196833,-773.336167,0.000000
1032.519727,-965.749273,0.000000
957.748500,-784.202500,0.000000
1030.960375,-961.440750,0.000000
1029.249667,-963.636833,0.000000
933.448667,-718.904500,0.000000
889.864250,-769.526667,0.000000
1031.718833,-962.190667,0.000000
927.302000,-746.508167,0.000000
973.660958,-940.276333,0.000000
894.116333,-659.436167,0.000000
879.423600,-637.163100,0.000000
935.658583,-732.665667,0.000000
971.260857,-880.428429,0.000000
938.083167,-774.598500,0.000000
778.708427,-644.184518,0.000000
948.116429,-789.587286,0.000000
1031.210833,-964.988000,0.000000
1039.409167,-960.625500,0.000000
906.435587,-808.048524,0.000000
927.846482,-722.078284,0.000000
857.469333,-662.537833,0.000000
882.395308,-734.609538,0.000000
881.704167,-729.369083,0.000000
884.393167,-648.868667,0.000000
862.038833,-649.589000,0.000000
1029.404450,-771.710850,0.000000
880.272000,-724.380143,0.000000
1053.324667,-909.467167,0.000000
899.984167,-825.452167,0.000000
923.004187,-706.812062,0.000000
931.425875,-711.851750,0.000000
914.564833,-816.036667,0.000000
904.148833,-683.772000,0.000000
929.128667,-749.187667,0.000000
1040.745167,-780.418000,0.000000
964.771538,-780.884077,0.000000
912.685700,-741.741500,0.000000
967.625667,-879.548000,0.000000
982.411100,-777.307700,0.000000
1003.729125,-862.321000,0.000000
990.906000,-630.232333,0.000000
981.125167,-625.292833,0.000000
836.215500,-663.506250,0.000000
995.668000,-664.439000,0.000000
790.623556,-524.900889,0.000000
789.155000,-539.254000,0.000000
982.849182,-656.646727,0.000000
1001.572167,-669.895167,0.000000
982.664500,-661.213833,0.000000
980.087333,-682.921500,0.000000
976.840000,-671.288500,0.000000
995.816789,-660.581158,0.000000
924.743556,-601.179667,0.000000
970.294833,-671.110000,0.000000
949.076833,-658.232333,0.000000
850.639833,-685.136000,0.000000
810.908333,-530.431000,0.000000
773.592333,-570.198833,0.000000
785.959875,-542.540625,0.000000
959.182833,-654.929167,0.000000
984.050500,-662.431667,0.000000
1018.521692,-658.673103,0.000000
953.184333,-656.661000,0.000000
962.869000,-686.198250,0.000000
904.620000,-928.797833,0.000000
927.574833,-923.018667,0.000000
949.121125,-665.191875,0.000000
722.181500,-510.650667,0.000000
956.772857,-660.639000,0.000000
983.945500,-661.209667,0.000000
963.320000,-661.116500,0.000000
979.634714,-669.721571,0.000000
960.308417,-655.233000,0.000000
968.789429,-653.954571,0.000000
954.771750,-664.338000,0.000000
980.951500,-630.334000,0.000000
984.040600,-682.848300,0.000000
999.133625,-684.625125,0.000000
882.549667,-896.527000,0.000000
819.765500,-532.536167,0.000000
978.135727,-657.123727,0.000000
888.680667,-599.552500,0.000000
1043.505500,-751.029167,0.000000
991.571611,-674.689056,0.000000
942.580667,-595.190667,0.000000
982.320125,-665.679125,0.000000
974.794333,-649.152667,0.000000
945.245556,-663.501556,0.000000
985.920167,-630.283333,0.000000
990.909167,-625.253000,0.000000
985.908000,-625.272833,0.000000
972.013857,-630.103429,0.000000
785.516375,-559.202375,0.000000
768.133111,-593.193444,0.000000
899.527667,-921.344500,0.000000
776.594857,-534.128714,0.000000
930.857333,-598.946000,0.000000
805.396000,-529.123500,0.000000
798.601000,-527.827500,0.000000
817.305500,-531.950667,0.000000
1004.442714,-660.261143,0.000000
980.707833,-654.962667,0.000000
792.181889,-527.105556,0.000000
1023.927125,-658.293500,0.000000
1010.335333,-619.554833,0.000000
998.637667,-628.447833,0.000000
1016.656667,-622.253833,0.000000
1007.964167,-621.057500,0.000000
976.821667,-686.862500,0.000000
945.807500,-626.638167,0.000000
942.354500,-622.571167,0.000000
938.596167,-608.081667,0.000000
935.710000,-613.922375,0.000000
949.662167,-628.440000,0.000000
932.990500,-635.675500,0.000000
1015.870625,-625.866625,0.000000
934.863333,-653.661167,0.000000
975.393000,-685.829857,0.000000
939.494125,-651.029250,0.000000
1012.163167,-620.053000,0.000000
952.383875,-625.780250,0.000000
960.203500,-635.989833,0.000000
938.578000,-621.823333,0.000000
1010.348333,-620.622000,0.000000
940.466250,-625.129750,0.000000
1015.851000,-628.169167,0.000000
948.714091,-636.364545,0.000000
957.811111,-632.756667,0.000000
969.682429,-656.704857,0.000000
1007.946000,-622.235500,0.000000
1014.571333,-625.658333,0.000000
989.923364,-724.137818,0.000000
969.318833,-687.789167,0.000000
958.855440,-603.121823,0.000000
1020.652400,-750.276500,0.000000
997.447182,-708.160091,0.000000
997.262167,-623.035000,0.000000
1004.683375,-620.086000,0.000000
987.307714,-668.366286,0.000000
996.622636,-682.762364,0.000000
952.498125,-606.204250,0.000000
973.557833,-622.215500,0.000000
930.770714,-615.908714,0.000000
977.044500,-603.952375,0.000000
1004.641375,-669.748250,0.000000
932.866400,-641.750000,0.000000
929.963500,-641.310333,0.000000
948.770167,-673.094500,0.000000
949.500750,-614.874750,0.000000
967.266813,-612.611500,0.000000
981.115667,-670.647833,0.000000
1016.473000,-625.403000,0.000000
939.933000,-638.910727,0.000000
945.838273,-640.471727,0.000000
1006.624818,-627.949364,0.000000
951.154400,-662.986300,0.000000
936.276700,-647.836700,0.000000
961.025857,-611.545429,0.000000
1005.228857,-671.814857,0.000000
966.984439,-601.194596,0.000000
977.018333,-669.779000,0.000000
1011.969833,-723.624667,0.000000
999.389667,-623.024333,0.000000
990.837333,-684.247667,0.000000
1043.873833,-741.525833,0.000000
1005.041750,-738.834000,0.000000
963.161875,-611.994625,0.000000
1004.238000,-682.703286,0.000000
1003.805667,-698.769333,0.000000
1018.666375,-717.806000,0.000000
1019.794900,-725.970800,0.000000
941.645667,-595.403000,0.000000
961.597500,-758.471833,0.000000
1007.074833,-628.500667,0.000000
1016.937333,-611.318500,0.000000
1001.780132,-982.963918,0.000000
966.052333,-766.035833,0.000000
929.780917,-598.448667,0.000000
963.725000,-632.450571,0.000000
1004.976182,-605.377818,0.000000
944.973000,-595.715375,0.000000
1006.818625,-595.973375,0.000000
1023.165000,-606.574333,0.000000
1020.974000,-730.924125,0.000000
1028.781385,-736.807000,0.000000
963.176167,-761.898833,0.000000
1019.904333,-707.937833,0.000000
1002.938750,-723.533800,0.000000
943.323286,-597.316143,0.000000
969.901000,-760.129143,0.000000
1015.143333,-637.490333,0.000000
1021.577750,-605.839333,0.000000
619.868667,390.608000,0.000000
587.030333,382.682000,0.000000
681.117860,108.279690,0.000000
606.035667,113.903333,0.000000
624.597216,171.265872,0.000000
858.331667,359.775267,0.000000
598.887000,211.796000,0.000000
598.958200,212.629500,0.000000
598.574667,346.691833,0.000000
715.622429,299.877286,0.000000
723.996857,292.865286,0.000000
836.076714,227.059571,0.000000
586.434625,344.022000,0.000000
819.240000,282.224000,0.000000
674.653687,160.323375,0.000000
586.701400,382.705200,0.000000
575.769800,242.250000,0.000000
813.682768,396.004131,0.000000
579.506667,260.093667,0.000000
712.906667,301.365333,0.000000
495.624857,62.503143,0.000000
524.548833,25.699167,0.000000
353.988364,86.059000,0.000000
632.934500,370.344000,0.000000
508.122333,71.366444,0.000000
635.270571,336.276714,0.000000
890.847833,273.558333,0.000000
633.297500,337.845500,0.000000
617.408833,122.180167,0.000000
1005.110286,115.851429,0.000000
918.466667,421.566667,0.000000
908.289667,381.776000,0.000000
982.182667,309.040667,0.000000
924.966333,354.041667,0.000000
678.943167,111.699000,0.000000
714.463000,311.968625,0.000000
1010.639444,261.565444,0.000000
926.223500,354.045600,0.000000
675.298600,191.767700,0.000000
677.370000,100.574000,0.000000
704.719857,112.156714,0.000000
983.531750,358.815625,0.000000
992.504625,277.677250,0.000000
722.207833,294.629667,0.000000
717.624833,298.013000,0.000000
926.146200,340.270300,0.000000
994.001286,97.379571,0.000000
992.023375,271.211875,0.000000
761.500167,403.867667,0.000000
1002.299444,80.917333,0.000000
907.700143,386.175143,0.000000
720.224625,296.948500,0.000000
999.135286,114.000571,0.000000
675.097000,119.112111,0.000000
992.673500,101.406500,0.000000
704.042167,141.949333,0.000000
844.636286,238.883714,0.000000
920.083875,366.055750,0.000000
926.578667,345.601222,0.000000
549.966400,215.240900,0.000000
939.369333,427.121833,0.000000
739.204600,299.930200,0.000000
586.628923,252.130462,0.000000
750.508667,-196.036050,0.000000
906.149143,415.084714,0.000000
653.685400,238.185900,0.000000
456.721714,37.925127,0.000000
451.770833,60.952000,0.000000
450.531333,60.049833,0.000000
457.707778,49.287111,0.000000
403.658500,122.612625,0.000000
542.655667,185.459167,0.000000
506.990714,15.726857,0.000000
495.002667,60.127333,0.000000
503.952000,14.289800,0.000000
356.650802,71.261924,0.000000
941.434000,683.760714,0.000000
986.312333,647.000833,0.000000
1003.111167,670.457167,0.000000
753.496167,530.784000,0.000000
958.762500,692.703875,0.000000
936.830167,640.128083,0.000000
966.397333,661.622250,0.000000
921.504857,609.844571,0.000000
909.730857,619.145000,0.000000
924.658833,651.323167,0.000000
929.357500,630.635000,0.000000
952.910000,672.971556,0.000000
956.606000,662.717846,0.000000
943.883167,648.585167,0.000000
921.117417,621.653833,0.000000
962.246667,525.435556,0.000000
953.697167,509.213000,0.000000
971.675000,511.042857,0.000000
968.461550,526.483018,0.000000
945.046167,527.006167,0.000000
982.102833,520.030000,0.000000
878.516625,583.949250,0.000000
927.753000,604.686556,0.000000
944.976167,532.175833,0.000000
872.502667,583.576000,0.000000
927.419900,577.396100,0.000000
939.249667,589.474500,0.000000
955.814333,515.940037,0.000000
971.287429,517.671429,0.000000
962.130000,522.400000,0.000000
970.738400,680.242133,0.000000
953.279924,691.825747,0.000000
987.223833,676.935167,0.000000
911.283941,602.670922,0.000000
983.832357,665.219000,0.000000
961.856875,693.264250,0.000000
987.229889,681.128667,0.000000
979.480500,664.417750,0.000000
983.101750,668.173625,0.000000
980.295375,671.617625,0.000000
987.344800,670.869400,0.000000
989.864333,674.817333,0.000000
782.774500,551.290333,0.000000
776.800000,548.080667,0.000000
983.278400,673.442840,0.000000
923.124667,612.269000,0.000000
933.772273,578.958818,0.000000
976.949500,502.570750,0.000000
950.897333,515.500333,0.000000
958.098000,530.789333,0.000000
974.926667,533.260667,0.000000
896.294500,549.283667,0.000000
949.979833,529.818167,0.000000
899.869167,568.398000,0.000000
904.360125,607.974250,0.000000
951.965167,684.688667,0.000000
949.877167,693.620833,0.000000
977.822333,512.861333,0.000000
976.033500,523.729833,0.000000
894.216167,561.051000,0.000000
970.672333,655.034889,0.000000
